relative_timestamp,src_ip,dst_ip,src_port,dst_port,length,inter_arrival_time,rolling_avg_length,seq_num,header_len,flags_syn,flags_ack,flags_fin,flags_rst,flags_psh,flags_urg,is_malicious
0.0,17.57.144.39,192.168.0.22,5223,51530,339,0.0,339.0,1,52,0,0,0,0,0,0,1
3.886222839355469e-05,17.57.144.39,192.168.0.22,5223,51530,78,3.886222839355469e-05,208.5,288,52,0,0,0,0,0,0,1
7.200241088867188e-05,192.168.0.22,17.57.144.39,51530,5223,52,3.314018249511719e-05,156.33333333333334,1,52,0,0,0,0,0,0,1
0.00010895729064941406,192.168.0.22,17.57.144.39,51530,5223,84,3.695487976074219e-05,138.25,1,52,0,0,0,0,0,0,1
0.00014090538024902344,17.57.144.39,192.168.0.22,5223,51530,78,3.1948089599609375e-05,126.2,288,52,0,0,0,0,0,0,1
0.00017404556274414062,192.168.0.22,17.57.144.39,51530,5223,64,3.314018249511719e-05,115.83333333333333,33,64,0,0,0,0,0,0,1
1.0014638900756836,17.57.144.39,192.168.0.22,5223,51530,52,1.0012898445129395,106.71428571428571,314,52,0,0,0,0,0,0,1
1.0015590190887451,192.168.0.22,17.57.144.39,51530,5223,1287,9.512901306152344e-05,254.25,33,52,0,0,0,0,0,0,1
1.0015909671783447,17.57.144.39,192.168.0.22,5223,51530,52,3.1948089599609375e-05,231.77777777777777,314,52,0,0,0,0,0,0,1
1.0016200542449951,17.57.144.39,192.168.0.22,5223,51530,88,2.9087066650390625e-05,217.4,314,52,0,0,0,0,0,0,1
1.0016438961029053,192.168.0.22,17.57.144.39,51530,5223,52,2.384185791015625e-05,188.7,1268,52,0,0,0,0,0,0,1
1.0017199516296387,17.57.144.39,192.168.0.22,5223,51530,184,7.605552673339844e-05,199.3,350,52,0,0,0,0,0,0,1
1.001852035522461,192.168.0.22,17.57.144.39,51530,5223,52,0.00013208389282226562,199.3,1268,52,0,0,0,0,0,0,1
1.0018789768218994,192.168.0.22,17.57.144.39,51530,5223,84,2.6941299438476562e-05,199.3,1268,52,0,0,0,0,0,0,1
1.0019309520721436,17.57.144.39,192.168.0.22,5223,51530,131,5.1975250244140625e-05,204.6,482,52,0,0,0,0,0,0,1
1.002027988433838,192.168.0.22,17.57.144.39,51530,5223,52,9.703636169433594e-05,203.4,1300,52,0,0,0,0,0,0,1
1.002060890197754,192.168.0.22,17.57.144.39,51530,5223,84,3.2901763916015625e-05,206.6,1300,52,0,0,0,0,0,0,1
1.0021240711212158,17.57.144.39,192.168.0.22,5223,51530,159,6.318092346191406e-05,93.8,561,52,0,0,0,0,0,0,1
1.0021488666534424,192.168.0.22,17.57.144.39,51530,5223,52,2.47955322265625e-05,93.8,1332,52,0,0,0,0,0,0,1
1.0022029876708984,192.168.0.22,17.57.144.39,51530,5223,84,5.412101745605469e-05,93.4,1332,52,0,0,0,0,0,0,1
1.0022258758544922,192.168.0.22,17.248.200.66,51537,443,64,2.288818359375e-05,94.6,0,64,0,0,0,0,0,0,0
1.002249002456665,17.248.200.66,192.168.0.22,443,51537,60,2.3126602172851562e-05,82.2,0,60,0,0,0,0,0,0,0
1.0022730827331543,192.168.0.22,17.248.200.66,51537,443,52,2.4080276489257812e-05,82.2,1,52,0,0,0,0,0,0,0
1.002323865890503,192.168.0.22,17.248.200.66,51537,443,569,5.078315734863281e-05,130.7,1,52,0,0,0,0,0,0,0
1.002349853515625,17.57.144.39,192.168.0.22,5223,51530,52,2.5987625122070312e-05,122.8,668,52,0,0,0,0,0,0,1
1.0023720264434814,17.248.200.66,192.168.0.22,443,51537,52,2.2172927856445312e-05,122.8,1,52,0,0,0,0,0,0,0
1.0024518966674805,17.248.200.66,192.168.0.22,443,51537,1500,7.987022399902344e-05,264.4,1,52,0,0,0,0,0,0,0
1.0025169849395752,17.248.200.66,192.168.0.22,443,51537,1500,6.508827209472656e-05,398.5,1449,52,0,0,0,0,0,0,0
1.0025699138641357,17.248.200.66,192.168.0.22,443,51537,1252,5.2928924560546875e-05,518.5,2897,52,0,0,0,0,0,0,0
1.0026319026947021,17.248.200.66,192.168.0.22,443,51537,1500,6.198883056640625e-05,660.1,4097,52,0,0,0,0,0,0,0
1.0026979446411133,17.248.200.66,192.168.0.22,443,51537,855,6.604194641113281e-05,739.2,5545,52,0,0,0,0,0,0,0
1.0027530193328857,192.168.0.22,17.248.200.66,51537,443,52,5.507469177246094e-05,738.4,518,52,0,0,0,0,0,0,0
1.0027799606323242,192.168.0.22,17.248.200.66,51537,443,52,2.6941299438476562e-05,738.4,518,52,0,0,0,0,0,0,0
1.0028069019317627,192.168.0.22,17.248.200.66,51537,443,145,2.6941299438476562e-05,696.0,518,52,0,0,0,0,0,0,0
1.0028350353240967,17.248.200.66,192.168.0.22,443,51537,52,2.8133392333984375e-05,696.0,6348,52,0,0,0,0,0,0,0
1.0028610229492188,17.248.200.66,192.168.0.22,443,51537,103,2.5987625122070312e-05,701.1,6348,52,0,0,0,0,0,0,0
1.002971887588501,192.168.0.22,17.248.200.66,51537,443,52,0.00011086463928222656,556.3,611,52,0,0,0,0,0,0,0
1.0030438899993896,192.168.0.22,17.248.200.66,51537,443,1158,7.200241088867188e-05,522.1,611,52,0,0,0,0,0,0,0
1.0031158924102783,192.168.0.22,17.248.200.66,51537,443,1140,7.200241088867188e-05,510.9,1717,52,0,0,0,0,0,0,0
1.0031490325927734,17.248.200.66,192.168.0.22,443,51537,52,3.314018249511719e-05,366.1,6399,52,0,0,0,0,0,0,0
1.003201961517334,17.248.200.66,192.168.0.22,443,51537,52,5.2928924560546875e-05,285.8,6399,52,0,0,0,0,0,0,0
1.0032639503479004,17.248.200.66,192.168.0.22,443,51537,1500,6.198883056640625e-05,430.6,6399,52,0,0,0,0,0,0,0
1.0032949447631836,17.248.200.66,192.168.0.22,443,51537,237,3.0994415283203125e-05,449.1,7847,52,0,0,0,0,0,0,0
1.0033199787139893,192.168.0.22,17.248.200.66,51537,443,52,2.5033950805664062e-05,439.8,2805,52,0,0,0,0,0,0,0
1.0033910274505615,192.168.0.22,17.248.200.66,51537,443,1169,7.104873657226562e-05,551.5,2805,52,0,0,0,0,0,0,0
1.0034480094909668,192.168.0.22,17.248.200.66,51537,443,1308,5.698204040527344e-05,672.0,3922,52,0,0,0,0,0,0,0
1.0034730434417725,192.168.0.22,17.248.200.66,51538,443,64,2.5033950805664062e-05,673.2,0,64,0,0,0,0,0,0,0
1.0034980773925781,17.248.200.66,192.168.0.22,443,51537,52,2.5033950805664062e-05,562.6,8032,52,0,0,0,0,0,0,0
1.0035209655761719,17.248.200.66,192.168.0.22,443,51538,60,2.288818359375e-05,454.6,0,60,0,0,0,0,0,0,0
1.0035429000854492,192.168.0.22,17.248.200.66,51538,443,52,2.193450927734375e-05,454.6,1,52,0,0,0,0,0,0,0
1.003612995147705,192.168.0.22,17.248.200.66,51538,443,569,7.009506225585938e-05,506.3,1,52,0,0,0,0,0,0,0
1.0036420822143555,17.248.200.66,192.168.0.22,443,51538,52,2.9087066650390625e-05,361.5,1,52,0,0,0,0,0,0,0
1.0036978721618652,17.248.200.66,192.168.0.22,443,51538,1500,5.5789947509765625e-05,487.8,1,52,0,0,0,0,0,0,0
1.003753900527954,17.248.200.66,192.168.0.22,443,51538,1500,5.602836608886719e-05,632.6,1449,52,0,0,0,0,0,0,0
1.003803014755249,17.248.200.66,192.168.0.22,443,51538,1252,4.9114227294921875e-05,640.9,2897,52,0,0,0,0,0,0,0
1.0038268566131592,192.168.0.22,17.248.200.66,51538,443,52,2.384185791015625e-05,515.3,518,52,0,0,0,0,0,0,0
1.003849983215332,192.168.0.22,17.248.200.66,51538,443,52,2.3126602172851562e-05,514.1,518,52,0,0,0,0,0,0,0
1.0039019584655762,17.248.200.66,192.168.0.22,443,51538,1500,5.1975250244140625e-05,658.9,4097,52,0,0,0,0,0,0,0
1.0039429664611816,17.248.200.66,192.168.0.22,443,51538,856,4.100799560546875e-05,738.5,5545,52,0,0,0,0,0,0,0
1.0039658546447754,192.168.0.22,17.248.200.66,51538,443,52,2.288818359375e-05,738.5,518,52,0,0,0,0,0,0,0
1.0040080547332764,17.248.200.66,192.168.0.22,443,51537,953,4.220008850097656e-05,776.9,8032,52,0,0,0,0,0,0,0
1.0040318965911865,192.168.0.22,17.248.200.66,51537,443,52,2.384185791015625e-05,776.9,5178,52,0,0,0,0,0,0,0
1.0040578842163086,192.168.0.22,17.248.200.66,51538,443,145,2.5987625122070312e-05,641.4,518,52,0,0,0,0,0,0,0
1.0040838718414307,17.248.200.66,192.168.0.22,443,51538,103,2.5987625122070312e-05,501.7,6349,52,0,0,0,0,0,0,0
1.0041069984436035,192.168.0.22,17.248.200.66,51538,443,52,2.3126602172851562e-05,381.7,611,52,0,0,0,0,0,0,0
1.0041539669036865,192.168.0.22,17.248.200.66,51538,443,1171,4.696846008300781e-05,493.6,611,52,0,0,0,0,0,0,0
1.0042049884796143,192.168.0.22,17.248.200.66,51538,443,1417,5.1021575927734375e-05,630.1,1730,52,0,0,0,0,0,0,0
1.0042319297790527,17.248.200.66,192.168.0.22,443,51538,52,2.6941299438476562e-05,485.3,6400,52,0,0,0,0,0,0,0
1.0042550563812256,17.248.200.66,192.168.0.22,443,51538,52,2.3126602172851562e-05,404.9,6400,52,0,0,0,0,0,0,0
1.0043439865112305,17.248.200.66,192.168.0.22,443,51538,973,8.893013000488281e-05,497.0,6400,52,0,0,0,0,0,0,0
1.0043668746948242,192.168.0.22,17.248.200.66,51538,443,52,2.288818359375e-05,406.9,3095,52,0,0,0,0,0,0,0
2.0059080123901367,17.57.144.39,192.168.0.22,5223,51530,131,1.0015411376953125,414.8,668,52,0,0,0,0,0,0,1
2.006190061569214,17.57.144.39,192.168.0.22,5223,51530,159,0.00028204917907714844,416.2,747,52,0,0,0,0,0,0,1
2.0062508583068848,192.168.0.22,17.57.144.39,51530,5223,52,6.079673767089844e-05,411.1,1364,52,0,0,0,0,0,0,1
2.006290912628174,192.168.0.22,17.57.144.39,51530,5223,84,4.00543212890625e-05,414.3,1364,52,0,0,0,0,0,0,1
2.006335973739624,192.168.0.22,17.57.144.39,51530,5223,84,4.506111145019531e-05,305.6,1396,52,0,0,0,0,0,0,1
2.0063700675964355,17.57.144.39,192.168.0.22,5223,51530,52,3.409385681152344e-05,169.1,854,52,0,0,0,0,0,0,1
6.372114896774292,192.168.0.22,17.57.144.39,51530,5223,92,4.3657448291778564,173.1,1428,52,0,0,0,0,0,0,1
6.372173070907593,17.57.144.39,192.168.0.22,5223,51530,52,5.817413330078125e-05,173.1,854,52,0,0,0,0,0,0,1
6.3721959590911865,17.57.144.39,192.168.0.22,5223,51530,76,2.288818359375e-05,83.4,854,52,0,0,0,0,0,0,1
6.372214078903198,192.168.0.22,17.57.144.39,51530,5223,52,1.811981201171875e-05,83.4,1468,52,0,0,0,0,0,0,1
31.427759885787964,192.168.0.22,17.248.200.66,51537,443,83,25.055545806884766,78.6,5178,52,0,0,0,0,0,0,0
31.42779803276062,192.168.0.22,17.248.200.66,51538,443,83,3.814697265625e-05,71.0,3095,52,0,0,0,0,0,0,0
31.427830934524536,192.168.0.22,17.248.200.66,51537,443,52,3.2901763916015625e-05,71.0,5209,52,0,0,0,0,0,0,0
31.42786407470703,192.168.0.22,17.248.200.66,51538,443,52,3.314018249511719e-05,67.8,3126,52,0,0,0,0,0,0,0
31.42790198326111,17.248.200.66,192.168.0.22,443,51537,64,3.790855407714844e-05,65.8,8933,64,0,0,0,0,0,0,0
31.42794394493103,17.248.200.66,192.168.0.22,443,51537,52,4.1961669921875e-05,65.8,8933,52,0,0,0,0,0,0,0
31.428112030029297,192.168.0.22,17.248.200.66,51537,443,83,0.00016808509826660156,64.9,5178,52,0,0,0,0,0,0,0
31.428148984909058,17.248.200.66,192.168.0.22,443,51538,64,3.695487976074219e-05,66.1,7321,64,0,0,0,0,0,0,0
31.42827606201172,17.248.200.66,192.168.0.22,443,51538,52,0.0001270771026611328,63.7,7321,52,0,0,0,0,0,0,0
31.42830991744995,17.248.200.66,192.168.0.22,443,51538,52,3.3855438232421875e-05,63.7,7321,52,0,0,0,0,0,0,0
31.428344011306763,17.248.200.66,192.168.0.22,443,51537,52,3.409385681152344e-05,60.6,8933,52,0,0,0,0,0,0,0
31.428693056106567,192.168.0.22,17.248.200.66,51538,443,83,0.0003490447998046875,60.6,3095,52,0,0,0,0,0,0,0
31.428736925125122,192.168.0.22,17.248.200.66,51538,443,52,4.38690185546875e-05,60.6,3127,52,0,0,0,0,0,0,0
31.428839921951294,192.168.0.22,17.248.200.66,51537,443,52,0.000102996826171875,60.6,5210,52,0,0,0,0,0,0,0
31.42887806892395,17.248.200.66,192.168.0.22,443,51537,64,3.814697265625e-05,60.6,8934,64,0,0,0,0,0,0,0
31.428919076919556,192.168.0.22,17.248.200.66,51537,443,40,4.100799560546875e-05,59.4,5210,40,0,0,0,0,0,0,0
31.429301023483276,17.248.200.66,192.168.0.22,443,51538,64,0.0003819465637207031,57.5,7322,64,0,0,0,0,0,0,0
31.429343938827515,192.168.0.22,17.248.200.66,51538,443,40,4.291534423828125e-05,55.1,3127,40,0,0,0,0,0,0,0
60.541444063186646,17.57.144.39,192.168.0.22,5223,51530,339,29.11210012435913,83.8,878,52,0,0,0,0,0,0,1
60.541462898254395,17.57.144.39,192.168.0.22,5223,51530,78,1.8835067749023438e-05,86.4,1165,52,0,0,0,0,0,0,1
60.54147791862488,17.57.144.39,192.168.0.22,5223,51530,78,1.5020370483398438e-05,89.0,1165,52,0,0,0,0,0,0,1
60.541491985321045,192.168.0.22,17.57.144.39,51530,5223,52,1.4066696166992188e-05,85.9,1468,52,0,0,0,0,0,0,1
60.541504859924316,192.168.0.22,17.57.144.39,51530,5223,64,1.2874603271484375e-05,87.1,1468,64,0,0,0,0,0,0,1
60.541555881500244,192.168.0.22,17.57.144.39,51530,5223,84,5.1021575927734375e-05,90.3,1468,52,0,0,0,0,0,0,1
60.54157495498657,17.57.144.39,192.168.0.22,5223,51530,52,1.9073486328125e-05,89.1,1191,52,0,0,0,0,0,0,1
65.63776206970215,192.168.0.22,17.57.144.39,51530,5223,92,5.096187114715576,94.3,1500,52,0,0,0,0,0,0,1
65.63778805732727,17.57.144.39,192.168.0.22,5223,51530,52,2.5987625122070312e-05,93.1,1191,52,0,0,0,0,0,0,1
65.63780403137207,17.57.144.39,192.168.0.22,5223,51530,76,1.5974044799804688e-05,96.7,1191,52,0,0,0,0,0,0,1
65.63782000541687,192.168.0.22,17.57.144.39,51530,5223,52,1.5974044799804688e-05,68.0,1540,52,0,0,0,0,0,0,1
121.02296590805054,17.57.144.39,192.168.0.22,5223,51530,339,55.38514590263367,94.1,1215,52,0,0,0,0,0,0,1
121.0229868888855,17.57.144.39,192.168.0.22,5223,51530,78,2.09808349609375e-05,94.1,1502,52,0,0,0,0,0,0,1
121.02300500869751,17.57.144.39,192.168.0.22,5223,51530,78,1.811981201171875e-05,96.7,1502,52,0,0,0,0,0,0,1
121.02302193641663,192.168.0.22,17.57.144.39,51530,5223,52,1.6927719116210938e-05,95.5,1540,52,0,0,0,0,0,0,1
121.02303886413574,192.168.0.22,17.57.144.39,51530,5223,64,1.6927719116210938e-05,93.5,1540,64,0,0,0,0,0,0,1
121.02305698394775,192.168.0.22,17.57.144.39,51530,5223,84,1.811981201171875e-05,96.7,1540,52,0,0,0,0,0,0,1
121.02307391166687,17.57.144.39,192.168.0.22,5223,51530,52,1.6927719116210938e-05,92.7,1528,52,0,0,0,0,0,0,1
126.03683590888977,192.168.0.22,17.57.144.39,51530,5223,92,5.0137619972229,96.7,1572,52,0,0,0,0,0,0,1
126.0369279384613,17.57.144.39,192.168.0.22,5223,51530,52,9.202957153320312e-05,94.3,1528,52,0,0,0,0,0,0,1
126.03696203231812,17.57.144.39,192.168.0.22,5223,51530,76,3.409385681152344e-05,96.7,1528,52,0,0,0,0,0,0,1
126.03699398040771,192.168.0.22,17.57.144.39,51530,5223,52,3.1948089599609375e-05,68.0,1612,52,0,0,0,0,0,0,1
181.53499102592468,17.57.144.39,192.168.0.22,5223,51530,184,55.49799704551697,78.6,1552,52,0,0,0,0,0,0,1
181.535089969635,17.57.144.39,192.168.0.22,5223,51530,78,9.894371032714844e-05,78.6,1684,52,0,0,0,0,0,0,1
181.5351209640503,17.57.144.39,192.168.0.22,5223,51530,339,3.0994415283203125e-05,107.3,1710,52,0,0,0,0,0,0,1
181.53524589538574,192.168.0.22,17.57.144.39,51530,5223,52,0.00012493133544921875,106.1,1612,52,0,0,0,0,0,0,1
181.53530406951904,17.57.144.39,192.168.0.22,5223,51530,339,5.817413330078125e-05,131.6,1710,52,0,0,0,0,0,0,1
181.53547191619873,192.168.0.22,17.57.144.39,51530,5223,64,0.0001678466796875,132.8,1612,64,0,0,0,0,0,0,1
181.53549599647522,192.168.0.22,17.57.144.39,51530,5223,84,2.4080276489257812e-05,132.0,1612,52,0,0,0,0,0,0,1
181.5355179309845,192.168.0.22,17.57.144.39,51530,5223,84,2.193450927734375e-05,135.2,1644,52,0,0,0,0,0,0,1
181.53557085990906,17.57.144.39,192.168.0.22,5223,51530,52,5.2928924560546875e-05,132.8,1997,52,0,0,0,0,0,0,1
181.53573894500732,192.168.0.22,17.248.200.67,51539,443,64,0.00016808509826660156,134.0,0,64,0,0,0,0,0,0,0
181.53578996658325,192.168.0.22,17.57.144.39,51530,5223,1287,5.1021575927734375e-05,244.3,1676,52,0,0,0,0,0,0,1
181.53580904006958,17.248.200.67,192.168.0.22,443,51539,60,1.9073486328125e-05,242.5,0,60,0,0,0,0,0,0,0
181.53583002090454,17.57.144.39,192.168.0.22,5223,51530,88,2.09808349609375e-05,217.4,1997,52,0,0,0,0,0,0,1
181.53584790229797,192.168.0.22,17.248.200.67,51539,443,52,1.7881393432617188e-05,217.4,1,52,0,0,0,0,0,0,0
181.53603196144104,192.168.0.22,17.248.200.67,51539,443,569,0.00018405914306640625,240.4,1,52,0,0,0,0,0,0,0
181.53606390953064,192.168.0.22,17.57.144.39,51530,5223,52,3.1948089599609375e-05,239.2,2911,52,0,0,0,0,0,0,1
181.53608298301697,17.248.200.67,192.168.0.22,443,51539,52,1.9073486328125e-05,236.0,1,52,0,0,0,0,0,0,0
181.53613805770874,17.248.200.67,192.168.0.22,443,51539,1500,5.507469177246094e-05,377.6,1,52,0,0,0,0,0,0,0
181.53620600700378,17.248.200.67,192.168.0.22,443,51539,1500,6.794929504394531e-05,522.4,1449,52,0,0,0,0,0,0,0
181.53625893592834,17.248.200.67,192.168.0.22,443,51539,1252,5.2928924560546875e-05,641.2,2897,52,0,0,0,0,0,0,0
181.5363039970398,17.248.200.67,192.168.0.22,443,51539,1500,4.506111145019531e-05,662.5,4097,52,0,0,0,0,0,0,0
181.5363359451294,17.248.200.67,192.168.0.22,443,51539,855,3.1948089599609375e-05,742.0,5545,52,0,0,0,0,0,0,0
181.53635501861572,192.168.0.22,17.248.200.67,51539,443,52,1.9073486328125e-05,738.4,518,52,0,0,0,0,0,0,0
181.53637194633484,192.168.0.22,17.248.200.67,51539,443,52,1.6927719116210938e-05,738.4,518,52,0,0,0,0,0,0,0
181.53638792037964,192.168.0.22,17.248.200.67,51539,443,52,1.5974044799804688e-05,686.7,518,52,0,0,0,0,0,0,0
181.53640699386597,192.168.0.22,17.248.200.67,51539,443,145,1.9073486328125e-05,696.0,518,52,0,0,0,0,0,0,0
181.5364260673523,17.248.200.67,192.168.0.22,443,51539,103,1.9073486328125e-05,701.1,6348,52,0,0,0,0,0,0,0
181.5364420413971,192.168.0.22,17.248.200.67,51539,443,52,1.5974044799804688e-05,556.3,611,52,0,0,0,0,0,0,0
181.53647804260254,192.168.0.22,17.248.200.67,51539,443,1158,3.600120544433594e-05,522.1,611,52,0,0,0,0,0,0,0
181.53651905059814,192.168.0.22,17.248.200.67,51539,443,1142,4.100799560546875e-05,511.1,1717,52,0,0,0,0,0,0,0
181.53655004501343,17.248.200.67,192.168.0.22,443,51539,52,3.0994415283203125e-05,366.3,6399,52,0,0,0,0,0,0,0
181.5365948677063,17.248.200.67,192.168.0.22,443,51539,1500,4.482269287109375e-05,430.8,6399,52,0,0,0,0,0,0,0
181.53662490844727,17.248.200.67,192.168.0.22,443,51539,237,3.0040740966796875e-05,449.3,7847,52,0,0,0,0,0,0,0
181.53667187690735,17.57.144.39,192.168.0.22,5223,51530,131,4.696846008300781e-05,457.2,2033,52,0,0,0,0,0,0,1
181.53668904304504,192.168.0.22,17.57.144.39,51530,5223,52,1.71661376953125e-05,457.2,2911,52,0,0,0,0,0,0,1
181.53671097755432,192.168.0.22,17.57.144.39,51530,5223,84,2.193450927734375e-05,451.1,2911,52,0,0,0,0,0,0,1
181.53672790527344,192.168.0.22,17.248.200.67,51539,443,52,1.6927719116210938e-05,446.0,2807,52,0,0,0,0,0,0,0
181.53674507141113,17.57.144.39,192.168.0.22,5223,51530,131,1.71661376953125e-05,453.9,2112,52,0,0,0,0,0,0,1
181.5371220111847,192.168.0.22,17.57.144.39,51530,5223,52,0.0003769397735595703,343.3,2943,52,0,0,0,0,0,0,1
181.5371470451355,192.168.0.22,17.57.144.39,51530,5223,84,2.5033950805664062e-05,237.5,2943,52,0,0,0,0,0,0,1
181.5372760295868,17.57.144.39,192.168.0.22,5223,51530,52,0.0001289844512939453,237.5,2191,52,0,0,0,0,0,0,1
181.53730702400208,17.57.144.39,192.168.0.22,5223,51530,159,3.0994415283203125e-05,103.4,2191,52,0,0,0,0,0,0,1
181.5373249053955,192.168.0.22,17.57.144.39,51530,5223,52,1.7881393432617188e-05,84.9,2975,52,0,0,0,0,0,0,1
181.5373420715332,192.168.0.22,17.57.144.39,51530,5223,84,1.71661376953125e-05,80.2,2975,52,0,0,0,0,0,0,1
181.53735995292664,17.57.144.39,192.168.0.22,5223,51530,159,1.7881393432617188e-05,90.9,2298,52,0,0,0,0,0,0,1
181.53737688064575,192.168.0.22,17.57.144.39,51530,5223,52,1.6927719116210938e-05,87.7,3007,52,0,0,0,0,0,0,1
181.53739404678345,192.168.0.22,17.57.144.39,51530,5223,84,1.71661376953125e-05,90.9,3007,52,0,0,0,0,0,0,1
181.53741002082825,17.57.144.39,192.168.0.22,5223,51530,52,1.5974044799804688e-05,83.0,2405,52,0,0,0,0,0,0,1
181.53768396377563,192.168.0.22,17.248.200.67,51539,443,1169,0.0002739429473876953,194.7,2807,52,0,0,0,0,0,0,0
181.53774189949036,192.168.0.22,17.248.200.67,51539,443,1310,5.793571472167969e-05,317.3,3924,52,0,0,0,0,0,0,0
181.53787207603455,17.248.200.67,192.168.0.22,443,51539,52,0.00013017654418945312,317.3,8032,52,0,0,0,0,0,0,0
181.53793501853943,192.168.0.22,17.248.200.67,51540,443,64,6.29425048828125e-05,307.8,0,64,0,0,0,0,0,0,0
181.53839492797852,17.248.200.67,192.168.0.22,443,51540,60,0.00045990943908691406,308.6,0,60,0,0,0,0,0,0,0
181.53841185569763,192.168.0.22,17.248.200.67,51540,443,52,1.6927719116210938e-05,305.4,1,52,0,0,0,0,0,0,0
181.5384500026703,192.168.0.22,17.248.200.67,51540,443,569,3.814697265625e-05,346.4,1,52,0,0,0,0,0,0,0
181.53851795196533,17.248.200.67,192.168.0.22,443,51539,953,6.794929504394531e-05,436.5,8032,52,0,0,0,0,0,0,0
181.53854608535767,192.168.0.22,17.248.200.67,51539,443,52,2.8133392333984375e-05,433.3,5182,52,0,0,0,0,0,0,0
181.53864693641663,17.248.200.67,192.168.0.22,443,51540,52,0.00010085105895996094,433.3,1,52,0,0,0,0,0,0,0
181.53868794441223,17.248.200.67,192.168.0.22,443,51540,1500,4.100799560546875e-05,466.4,1,52,0,0,0,0,0,0,0
181.53872799873352,17.248.200.67,192.168.0.22,443,51540,1500,4.00543212890625e-05,485.4,1449,52,0,0,0,0,0,0,0
181.53877305984497,17.248.200.67,192.168.0.22,443,51540,1252,4.506111145019531e-05,605.4,2897,52,0,0,0,0,0,0,0
181.53881287574768,17.248.200.67,192.168.0.22,443,51540,1500,3.981590270996094e-05,749.0,4097,52,0,0,0,0,0,0,0
181.53884387016296,17.248.200.67,192.168.0.22,443,51540,855,3.0994415283203125e-05,828.5,5545,52,0,0,0,0,0,0,0
181.53886604309082,192.168.0.22,17.248.200.67,51540,443,52,2.2172927856445312e-05,828.5,518,52,0,0,0,0,0,0,0
181.53888392448425,192.168.0.22,17.248.200.67,51540,443,52,1.7881393432617188e-05,776.8,518,52,0,0,0,0,0,0,0
181.53890204429626,192.168.0.22,17.248.200.67,51540,443,145,1.811981201171875e-05,696.0,518,52,0,0,0,0,0,0,0
181.53931593894958,17.248.200.67,192.168.0.22,443,51540,103,0.0004138946533203125,701.1,6348,52,0,0,0,0,0,0,0
181.53933191299438,192.168.0.22,17.248.200.67,51540,443,52,1.5974044799804688e-05,701.1,611,52,0,0,0,0,0,0,0
181.5393669605255,192.168.0.22,17.248.200.67,51540,443,1171,3.504753112792969e-05,668.2,611,52,0,0,0,0,0,0,0
181.53941202163696,192.168.0.22,17.248.200.67,51540,443,1419,4.506111145019531e-05,660.1,1730,52,0,0,0,0,0,0,0
182.54156398773193,17.248.200.67,192.168.0.22,443,51540,52,1.0021519660949707,540.1,6399,52,0,0,0,0,0,0,0
182.5422019958496,17.248.200.67,192.168.0.22,443,51540,973,0.0006380081176757812,487.4,6399,52,0,0,0,0,0,0,0
182.54234385490417,192.168.0.22,17.248.200.67,51540,443,52,0.0001418590545654297,407.1,3097,52,0,0,0,0,0,0,0
186.55149102210999,192.168.0.22,17.57.144.39,51530,5223,92,4.0091471672058105,411.1,3039,52,0,0,0,0,0,0,1
186.5519700050354,17.57.144.39,192.168.0.22,5223,51530,52,0.00047898292541503906,411.1,2405,52,0,0,0,0,0,0,1
186.55200791358948,17.57.144.39,192.168.0.22,5223,51530,76,3.790855407714844e-05,404.2,2405,52,0,0,0,0,0,0,1
186.55206894874573,192.168.0.22,17.57.144.39,51530,5223,52,6.103515625e-05,399.1,3079,52,0,0,0,0,0,0,1
212.5998079776764,192.168.0.22,17.248.200.67,51539,443,83,26.047739028930664,402.2,5182,52,0,0,0,0,0,0,0
212.5998339653015,192.168.0.22,17.248.200.67,51540,443,83,2.5987625122070312e-05,293.4,3097,52,0,0,0,0,0,0,0
212.599848985672,192.168.0.22,17.248.200.67,51539,443,52,1.5020370483398438e-05,156.7,5213,52,0,0,0,0,0,0,0
212.6000919342041,192.168.0.22,17.248.200.67,51540,443,52,0.0002429485321044922,156.7,3128,52,0,0,0,0,0,0,0
212.60011100769043,17.248.200.67,192.168.0.22,443,51539,64,1.9073486328125e-05,65.8,8933,64,0,0,0,0,0,0,0
212.60014700889587,17.248.200.67,192.168.0.22,443,51539,52,3.600120544433594e-05,65.8,8933,52,0,0,0,0,0,0,0
212.600261926651,17.248.200.67,192.168.0.22,443,51539,52,0.00011491775512695312,61.8,8933,52,0,0,0,0,0,0,0
212.60028386116028,17.248.200.67,192.168.0.22,443,51540,64,2.193450927734375e-05,63.0,7320,64,0,0,0,0,0,0,0
212.60030388832092,192.168.0.22,17.248.200.67,51539,443,83,2.002716064453125e-05,63.7,5182,52,0,0,0,0,0,0,0
212.60032296180725,192.168.0.22,17.248.200.67,51539,443,52,1.9073486328125e-05,63.7,5214,52,0,0,0,0,0,0,0
212.60058188438416,192.168.0.22,17.248.200.67,51540,443,83,0.0002589225769042969,63.7,3097,52,0,0,0,0,0,0,0
212.60060095787048,17.248.200.67,192.168.0.22,443,51540,52,1.9073486328125e-05,60.6,7320,52,0,0,0,0,0,0,0
212.60082507133484,17.248.200.67,192.168.0.22,443,51540,52,0.00022411346435546875,60.6,7320,52,0,0,0,0,0,0,0
212.6008448600769,192.168.0.22,17.248.200.67,51540,443,52,1.9788742065429688e-05,60.6,3129,52,0,0,0,0,0,0,0
212.60086297988892,17.248.200.67,192.168.0.22,443,51539,40,1.811981201171875e-05,58.2,8933,40,0,0,0,0,0,0,0
212.60087895393372,192.168.0.22,17.248.200.67,51539,443,40,1.5974044799804688e-05,57.0,3758134738,40,0,0,0,0,0,0,0
235.76211094856262,192.168.0.22,17.57.144.39,51530,5223,92,23.161231994628906,61.0,3079,52,0,0,0,0,0,0,1
235.76213693618774,17.57.144.39,192.168.0.22,5223,51530,76,2.5987625122070312e-05,62.2,2429,52,0,0,0,0,0,0,1
235.76216006278992,192.168.0.22,17.57.144.39,51530,5223,52,2.3126602172851562e-05,59.1,3119,52,0,0,0,0,0,0,1
242.77404689788818,17.57.144.39,192.168.0.22,5223,51530,339,7.011886835098267,87.8,2453,52,0,0,0,0,0,0,1
242.77411103248596,17.57.144.39,192.168.0.22,5223,51530,78,6.413459777832031e-05,87.3,2740,52,0,0,0,0,0,0,1
242.77417993545532,192.168.0.22,17.57.144.39,51530,5223,52,6.890296936035156e-05,87.3,3119,52,0,0,0,0,0,0,1
242.77421402931213,192.168.0.22,17.57.144.39,51530,5223,84,3.409385681152344e-05,90.5,3119,52,0,0,0,0,0,0,1
242.77424001693726,17.57.144.39,192.168.0.22,5223,51530,78,2.5987625122070312e-05,93.1,2740,52,0,0,0,0,0,0,1
242.77428197860718,192.168.0.22,17.57.144.39,51530,5223,64,4.1961669921875e-05,95.5,3151,64,0,0,0,0,0,0,1
242.7743718624115,17.57.144.39,192.168.0.22,5223,51530,52,8.988380432128906e-05,96.7,2766,52,0,0,0,0,0,0,1
247.78857898712158,192.168.0.22,17.57.144.39,51530,5223,92,5.014207124710083,96.7,3151,52,0,0,0,0,0,0,1
247.78862190246582,17.57.144.39,192.168.0.22,5223,51530,52,4.291534423828125e-05,94.3,2766,52,0,0,0,0,0,0,1
247.7886610031128,17.57.144.39,192.168.0.22,5223,51530,76,3.910064697265625e-05,96.7,2766,52,0,0,0,0,0,0,1
247.78869199752808,192.168.0.22,17.57.144.39,51530,5223,52,3.0994415283203125e-05,68.0,3191,52,0,0,0,0,0,0,1
303.90082693099976,17.57.144.39,192.168.0.22,5223,51530,339,56.11213493347168,94.1,2790,52,0,0,0,0,0,0,1
303.900906085968,17.57.144.39,192.168.0.22,5223,51530,78,7.915496826171875e-05,96.7,3077,52,0,0,0,0,0,0,1
303.90097999572754,17.57.144.39,192.168.0.22,5223,51530,184,7.390975952148438e-05,106.7,3103,52,0,0,0,0,0,0,1
303.9010410308838,17.57.144.39,192.168.0.22,5223,51530,184,6.103515625e-05,117.3,3103,52,0,0,0,0,0,0,1
303.9011540412903,192.168.0.22,17.57.144.39,51530,5223,52,0.00011301040649414062,116.1,3191,52,0,0,0,0,0,0,1
303.9011769294739,192.168.0.22,17.57.144.39,51530,5223,64,2.288818359375e-05,117.3,3191,64,0,0,0,0,0,0,1
303.9012620449066,192.168.0.22,17.57.144.39,51530,5223,84,8.511543273925781e-05,116.5,3191,52,0,0,0,0,0,0,1
303.901328086853,192.168.0.22,17.57.144.39,51530,5223,84,6.604194641113281e-05,119.7,3223,52,0,0,0,0,0,0,1
303.9013500213623,17.57.144.39,192.168.0.22,5223,51530,52,2.193450927734375e-05,117.3,3235,52,0,0,0,0,0,0,1
303.9015419483185,192.168.0.22,17.248.200.66,51541,443,64,0.0001919269561767578,118.5,0,64,0,0,0,0,0,0,0
303.9015588760376,17.248.200.66,192.168.0.22,443,51541,60,1.6927719116210938e-05,90.6,0,60,0,0,0,0,0,0,0
303.9016020298004,192.168.0.22,17.57.144.39,51530,5223,1287,4.315376281738281e-05,211.5,3255,52,0,0,0,0,0,0,1
303.90161991119385,192.168.0.22,17.248.200.66,51541,443,52,1.7881393432617188e-05,198.3,1,52,0,0,0,0,0,0,0
303.9016468524933,192.168.0.22,17.248.200.66,51541,443,569,2.6941299438476562e-05,236.8,1,52,0,0,0,0,0,0,0
303.9016659259796,17.57.144.39,192.168.0.22,5223,51530,88,1.9073486328125e-05,240.4,3235,52,0,0,0,0,0,0,1
303.9016840457916,192.168.0.22,17.57.144.39,51530,5223,52,1.811981201171875e-05,239.2,4490,52,0,0,0,0,0,0,1
303.90183997154236,17.248.200.66,192.168.0.22,443,51541,52,0.00015592575073242188,236.0,1,52,0,0,0,0,0,0,0
303.9018819332123,17.248.200.66,192.168.0.22,443,51541,1500,4.1961669921875e-05,377.6,1,52,0,0,0,0,0,0,0
303.9019229412079,17.248.200.66,192.168.0.22,443,51541,1500,4.100799560546875e-05,522.4,1449,52,0,0,0,0,0,0,0
303.90195989608765,17.248.200.66,192.168.0.22,443,51541,1252,3.695487976074219e-05,641.2,2897,52,0,0,0,0,0,0,0
303.90199995040894,17.248.200.66,192.168.0.22,443,51541,1500,4.00543212890625e-05,785.2,4097,52,0,0,0,0,0,0,0
303.9020309448242,17.248.200.66,192.168.0.22,443,51541,854,3.0994415283203125e-05,741.9,5545,52,0,0,0,0,0,0,0
303.90204906463623,192.168.0.22,17.248.200.66,51541,443,52,1.811981201171875e-05,741.9,518,52,0,0,0,0,0,0,0
303.90206599235535,192.168.0.22,17.248.200.66,51541,443,52,1.6927719116210938e-05,690.2,518,52,0,0,0,0,0,0,0
303.9020850658417,192.168.0.22,17.248.200.66,51541,443,145,1.9073486328125e-05,695.9,518,52,0,0,0,0,0,0,0
303.9021029472351,17.248.200.66,192.168.0.22,443,51541,103,1.7881393432617188e-05,701.0,6347,52,0,0,0,0,0,0,0
303.9021189212799,192.168.0.22,17.248.200.66,51541,443,52,1.5974044799804688e-05,701.0,611,52,0,0,0,0,0,0,0
303.90215396881104,192.168.0.22,17.248.200.66,51541,443,1158,3.504753112792969e-05,666.8,611,52,0,0,0,0,0,0,0
303.9022870063782,192.168.0.22,17.248.200.66,51541,443,1142,0.00013303756713867188,631.0,1717,52,0,0,0,0,0,0,0
303.902370929718,17.248.200.66,192.168.0.22,443,51541,52,8.392333984375e-05,511.0,6398,52,0,0,0,0,0,0,0
303.9025008678436,17.248.200.66,192.168.0.22,443,51541,1500,0.00012993812561035156,511.0,6398,52,0,0,0,0,0,0,0
303.9026560783386,17.248.200.66,192.168.0.22,443,51541,237,0.0001552104949951172,449.3,7846,52,0,0,0,0,0,0,0
303.9026789665222,192.168.0.22,17.248.200.66,51541,443,52,2.288818359375e-05,449.3,2807,52,0,0,0,0,0,0,0
303.9027280807495,17.57.144.39,192.168.0.22,5223,51530,131,4.9114227294921875e-05,457.2,3271,52,0,0,0,0,0,0,1
303.902930021286,192.168.0.22,17.57.144.39,51530,5223,52,0.00020194053649902344,447.9,4490,52,0,0,0,0,0,0,1
303.9031090736389,192.168.0.22,17.57.144.39,51530,5223,84,0.00017905235290527344,446.0,4490,52,0,0,0,0,0,0,1
303.9031629562378,17.57.144.39,192.168.0.22,5223,51530,131,5.3882598876953125e-05,453.9,3350,52,0,0,0,0,0,0,1
303.90331506729126,192.168.0.22,17.57.144.39,51530,5223,52,0.00015211105346679688,343.3,4522,52,0,0,0,0,0,0,1
303.90333795547485,192.168.0.22,17.57.144.39,51530,5223,84,2.288818359375e-05,237.5,4522,52,0,0,0,0,0,0,1
303.9033980369568,17.57.144.39,192.168.0.22,5223,51530,159,6.008148193359375e-05,248.2,3429,52,0,0,0,0,0,0,1
303.9035699367523,192.168.0.22,17.57.144.39,51530,5223,52,0.00017189979553222656,103.4,4554,52,0,0,0,0,0,0,1
303.90365505218506,17.57.144.39,192.168.0.22,5223,51530,52,8.511543273925781e-05,84.9,3536,52,0,0,0,0,0,0,1
303.9037308692932,17.57.144.39,192.168.0.22,5223,51530,159,7.581710815429688e-05,95.6,3536,52,0,0,0,0,0,0,1
303.90386986732483,192.168.0.22,17.57.144.39,51530,5223,84,0.00013899803161621094,90.9,4554,52,0,0,0,0,0,0,1
303.90415501594543,192.168.0.22,17.57.144.39,51530,5223,52,0.00028514862060546875,90.9,4586,52,0,0,0,0,0,0,1
303.90426206588745,192.168.0.22,17.57.144.39,51530,5223,84,0.00010704994201660156,90.9,4586,52,0,0,0,0,0,0,1
303.9042990207672,17.57.144.39,192.168.0.22,5223,51530,52,3.695487976074219e-05,83.0,3643,52,0,0,0,0,0,0,1
303.90440797805786,192.168.0.22,17.248.200.66,51541,443,1169,0.00010895729064941406,194.7,2807,52,0,0,0,0,0,0,0
303.90446400642395,192.168.0.22,17.248.200.66,51541,443,1310,5.602836608886719e-05,317.3,3924,52,0,0,0,0,0,0,0
303.9045729637146,17.248.200.66,192.168.0.22,443,51541,52,0.00010895729064941406,306.6,8031,52,0,0,0,0,0,0,0
303.90506887435913,192.168.0.22,17.248.200.66,51542,443,64,0.00049591064453125,307.8,0,64,0,0,0,0,0,0,0
303.90510606765747,17.248.200.66,192.168.0.22,443,51542,60,3.719329833984375e-05,308.6,0,60,0,0,0,0,0,0,0
303.90524888038635,192.168.0.22,17.248.200.66,51542,443,52,0.00014281272888183594,297.9,1,52,0,0,0,0,0,0,0
303.9052789211273,192.168.0.22,17.248.200.66,51542,443,569,3.0040740966796875e-05,346.4,1,52,0,0,0,0,0,0,0
303.9053819179535,17.248.200.66,192.168.0.22,443,51542,52,0.000102996826171875,346.4,1,52,0,0,0,0,0,0,0
303.9053990840912,17.248.200.66,192.168.0.22,443,51542,52,1.71661376953125e-05,343.2,1,52,0,0,0,0,0,0,0
303.90562987327576,17.248.200.66,192.168.0.22,443,51542,1500,0.0002307891845703125,488.0,1,52,0,0,0,0,0,0,0
303.9056739807129,17.248.200.66,192.168.0.22,443,51542,1500,4.410743713378906e-05,521.1,1449,52,0,0,0,0,0,0,0
303.90571308135986,17.248.200.66,192.168.0.22,443,51542,1252,3.910064697265625e-05,515.3,2897,52,0,0,0,0,0,0,0
303.9057550430298,17.248.200.66,192.168.0.22,443,51542,1500,4.1961669921875e-05,660.1,4097,52,0,0,0,0,0,0,0
303.9057869911194,17.248.200.66,192.168.0.22,443,51542,855,3.1948089599609375e-05,739.2,5545,52,0,0,0,0,0,0,0
303.9058380126953,17.248.200.66,192.168.0.22,443,51541,953,5.1021575927734375e-05,828.5,8031,52,0,0,0,0,0,0,0
303.9059000015259,192.168.0.22,17.248.200.66,51542,443,52,6.198883056640625e-05,828.5,518,52,0,0,0,0,0,0,0
303.9059159755707,192.168.0.22,17.248.200.66,51542,443,52,1.5974044799804688e-05,776.8,518,52,0,0,0,0,0,0,0
303.906033039093,192.168.0.22,17.248.200.66,51541,443,52,0.00011706352233886719,776.8,5182,52,0,0,0,0,0,0,0
303.9064030647278,192.168.0.22,17.248.200.66,51542,443,145,0.000370025634765625,786.1,518,52,0,0,0,0,0,0,0
303.90703296661377,17.248.200.66,192.168.0.22,443,51542,103,0.0006299018859863281,646.4,6348,52,0,0,0,0,0,0,0
303.9070529937744,192.168.0.22,17.248.200.66,51542,443,52,2.002716064453125e-05,501.6,611,52,0,0,0,0,0,0,0
303.9070918560028,192.168.0.22,17.248.200.66,51542,443,1171,3.886222839355469e-05,493.5,611,52,0,0,0,0,0,0,0
303.907194852829,192.168.0.22,17.248.200.66,51542,443,1419,0.000102996826171875,485.4,1730,52,0,0,0,0,0,0,0
303.9075210094452,17.248.200.66,192.168.0.22,443,51542,52,0.0003261566162109375,405.1,6399,52,0,0,0,0,0,0,0
304.91074204444885,17.248.200.66,192.168.0.22,443,51542,973,1.003221035003662,407.1,6399,52,0,0,0,0,0,0,0
304.91077995300293,192.168.0.22,17.248.200.66,51542,443,52,3.790855407714844e-05,407.1,3097,52,0,0,0,0,0,0,0
308.9199888706207,192.168.0.22,17.57.144.39,51530,5223,92,4.009208917617798,411.1,4618,52,0,0,0,0,0,0,1
308.9200029373169,17.57.144.39,192.168.0.22,5223,51530,76,1.4066696166992188e-05,413.5,3643,52,0,0,0,0,0,0,1
308.92001700401306,192.168.0.22,17.57.144.39,51530,5223,52,1.4066696166992188e-05,404.2,4658,52,0,0,0,0,0,0,1
308.9201500415802,192.168.0.22,17.57.144.39,51530,5223,92,0.00013303756713867188,403.1,4658,52,0,0,0,0,0,0,1
308.92062497138977,17.57.144.39,192.168.0.22,5223,51530,76,0.0004749298095703125,405.5,3667,52,0,0,0,0,0,0,1
308.9206449985504,192.168.0.22,17.57.144.39,51530,5223,52,2.002716064453125e-05,293.6,4698,52,0,0,0,0,0,0,1
335.16930198669434,192.168.0.22,17.248.200.66,51541,443,83,26.24865698814392,160.0,5182,52,0,0,0,0,0,0,0
335.1693639755249,192.168.0.22,17.248.200.66,51542,443,83,6.198883056640625e-05,163.1,3097,52,0,0,0,0,0,0,0
335.16940808296204,192.168.0.22,17.248.200.66,51541,443,52,4.410743713378906e-05,71.0,5213,52,0,0,0,0,0,0,0
335.1694600582123,192.168.0.22,17.248.200.66,51542,443,52,5.1975250244140625e-05,71.0,3128,52,0,0,0,0,0,0,0
335.1695649623871,17.248.200.66,192.168.0.22,443,51541,52,0.0001049041748046875,67.0,8932,52,0,0,0,0,0,0,0
335.1695990562439,17.248.200.66,192.168.0.22,443,51542,52,3.409385681152344e-05,64.6,7320,52,0,0,0,0,0,0,0
335.1696310043335,192.168.0.22,17.248.200.66,51541,443,52,3.1948089599609375e-05,64.6,5214,52,0,0,0,0,0,0,0
335.1696639060974,192.168.0.22,17.248.200.66,51542,443,52,3.2901763916015625e-05,60.6,3128,52,0,0,0,0,0,0,0
335.1696949005127,17.248.200.66,192.168.0.22,443,51542,52,3.0994415283203125e-05,58.2,7321,52,0,0,0,0,0,0,0
362.4712040424347,17.57.144.39,192.168.0.22,5223,51530,339,27.301509141921997,86.9,3691,52,0,0,0,0,0,0,1
362.47129106521606,17.57.144.39,192.168.0.22,5223,51530,78,8.702278137207031e-05,86.4,3978,52,0,0,0,0,0,0,1
362.4713499546051,17.57.144.39,192.168.0.22,5223,51530,78,5.888938903808594e-05,85.9,3978,52,0,0,0,0,0,0,1
362.47137904167175,192.168.0.22,17.57.144.39,51530,5223,52,2.9087066650390625e-05,85.9,4698,52,0,0,0,0,0,0,1
362.4715030193329,192.168.0.22,17.57.144.39,51530,5223,64,0.0001239776611328125,87.1,4698,64,0,0,0,0,0,0,1
362.4715769290924,192.168.0.22,17.57.144.39,51530,5223,84,7.390975952148438e-05,90.3,4698,52,0,0,0,0,0,0,1
362.47172689437866,17.57.144.39,192.168.0.22,5223,51530,52,0.0001499652862548828,90.3,4004,52,0,0,0,0,0,0,1
366.4839310646057,192.168.0.22,17.252.196.22,51543,443,64,4.012204170227051,91.5,0,64,0,0,0,0,0,0,0
366.4842150211334,17.252.196.22,192.168.0.22,443,51543,60,0.00028395652770996094,92.3,0,60,0,0,0,0,0,0,0
366.48424887657166,192.168.0.22,17.252.196.22,51543,443,52,3.3855438232421875e-05,92.3,1,52,0,0,0,0,0,0,0
366.4843029975891,192.168.0.22,17.252.196.22,51543,443,569,5.412101745605469e-05,115.3,1,52,0,0,0,0,0,0,0
366.4843969345093,17.252.196.22,192.168.0.22,443,51543,52,9.393692016601562e-05,112.7,1,52,0,0,0,0,0,0,0
366.4848370552063,17.252.196.22,192.168.0.22,443,51543,1500,0.0004401206970214844,254.9,1,52,0,0,0,0,0,0,0
366.4849388599396,17.252.196.22,192.168.0.22,443,51543,1500,0.00010180473327636719,399.7,1449,52,0,0,0,0,0,0,0
366.48500990867615,17.252.196.22,192.168.0.22,443,51543,876,7.104873657226562e-05,480.9,2897,52,0,0,0,0,0,0,0
366.48504400253296,192.168.0.22,17.252.196.22,51543,443,52,3.409385681152344e-05,477.7,518,52,0,0,0,0,0,0,0
366.48507595062256,192.168.0.22,17.252.196.22,51543,443,52,3.1948089599609375e-05,477.7,518,52,0,0,0,0,0,0,0
366.4851109981537,192.168.0.22,17.252.196.22,51543,443,116,3.504753112792969e-05,482.9,518,52,0,0,0,0,0,0,0
367.49064803123474,192.168.0.22,17.57.144.39,51530,5223,92,1.0055370330810547,486.1,4730,52,0,0,0,0,0,0,1
367.49068689346313,17.57.144.39,192.168.0.22,5223,51530,52,3.886222839355469e-05,486.1,4004,52,0,0,0,0,0,0,1
367.490709066391,17.57.144.39,192.168.0.22,5223,51530,76,2.2172927856445312e-05,436.8,4004,52,0,0,0,0,0,0,1
367.4907240867615,192.168.0.22,17.57.144.39,51530,5223,52,1.5020370483398438e-05,436.8,4770,52,0,0,0,0,0,0,1
367.49073791503906,17.252.196.22,192.168.0.22,443,51543,52,1.3828277587890625e-05,292.0,3721,52,0,0,0,0,0,0,0
367.49076890945435,192.168.0.22,17.252.196.22,51543,443,525,3.0994415283203125e-05,194.5,582,52,0,0,0,0,0,0,0
367.49078488349915,17.252.196.22,192.168.0.22,443,51543,52,1.5974044799804688e-05,112.1,3721,52,0,0,0,0,0,0,0
367.49080204963684,17.252.196.22,192.168.0.22,443,51543,390,1.71661376953125e-05,145.9,3721,52,0,0,0,0,0,0,0
367.49081587791443,192.168.0.22,17.252.196.22,51543,443,52,1.3828277587890625e-05,145.9,1055,52,0,0,0,0,0,0,0
367.4908299446106,192.168.0.22,17.252.196.22,51543,443,76,1.4066696166992188e-05,141.9,1055,52,0,0,0,0,0,0,0
367.49084401130676,192.168.0.22,17.252.196.22,51543,443,52,1.4066696166992188e-05,137.9,1079,52,0,0,0,0,0,0,0
367.4908809661865,17.252.196.22,192.168.0.22,443,51543,76,3.695487976074219e-05,140.3,4059,52,0,0,0,0,0,0,0
367.490895986557,192.168.0.22,17.252.196.22,51543,443,40,1.5020370483398438e-05,136.7,1079,40,0,0,0,0,0,0,0
367.4909088611603,17.252.196.22,192.168.0.22,443,51543,52,1.2874603271484375e-05,136.7,4083,52,0,0,0,0,0,0,0
367.4909210205078,17.252.196.22,192.168.0.22,443,51543,52,1.2159347534179688e-05,136.7,4083,52,0,0,0,0,0,0,0
367.4909338951111,192.168.0.22,17.252.196.22,51543,443,40,1.2874603271484375e-05,88.2,1079,40,0,0,0,0,0,0,0
367.49094700813293,192.168.0.22,17.252.196.22,51543,443,40,1.3113021850585938e-05,87.0,1080,40,0,0,0,0,0,0,0
387.58978605270386,192.168.0.22,17.57.144.39,51530,5223,92,20.098839044570923,57.2,4770,52,0,0,0,0,0,0,1
387.5898220539093,17.57.144.39,192.168.0.22,5223,51530,76,3.600120544433594e-05,59.6,4028,52,0,0,0,0,0,0,1
387.58985686302185,192.168.0.22,17.57.144.39,51530,5223,52,3.4809112548828125e-05,57.2,4810,52,0,0,0,0,0,0,1
421.1061019897461,17.57.144.39,192.168.0.22,5223,51530,339,33.51624512672424,85.9,4052,52,0,0,0,0,0,0,1
421.1061260700226,17.57.144.39,192.168.0.22,5223,51530,78,2.4080276489257812e-05,86.1,4339,52,0,0,0,0,0,0,1
421.1061499118805,17.57.144.39,192.168.0.22,5223,51530,78,2.384185791015625e-05,89.9,4339,52,0,0,0,0,0,0,1
421.106173992157,192.168.0.22,17.57.144.39,51530,5223,52,2.4080276489257812e-05,89.9,4810,52,0,0,0,0,0,0,1
421.1061980724335,192.168.0.22,17.57.144.39,51530,5223,64,2.4080276489257812e-05,91.1,4810,64,0,0,0,0,0,0,1
421.106232881546,192.168.0.22,17.57.144.39,51530,5223,84,3.4809112548828125e-05,95.5,4810,52,0,0,0,0,0,0,1
421.1062569618225,17.57.144.39,192.168.0.22,5223,51530,52,2.4080276489257812e-05,96.7,4365,52,0,0,0,0,0,0,1
426.12360095977783,192.168.0.22,17.57.144.39,51530,5223,92,5.017343997955322,96.7,4842,52,0,0,0,0,0,0,1
426.12370896339417,17.57.144.39,192.168.0.22,5223,51530,52,0.00010800361633300781,94.3,4365,52,0,0,0,0,0,0,1
426.1237440109253,17.57.144.39,192.168.0.22,5223,51530,76,3.504753112792969e-05,96.7,4365,52,0,0,0,0,0,0,1
426.1237759590149,192.168.0.22,17.57.144.39,51530,5223,52,3.1948089599609375e-05,68.0,4882,52,0,0,0,0,0,0,1
487.40447306632996,17.57.144.39,192.168.0.22,5223,51530,184,61.28069710731506,78.6,4389,52,0,0,0,0,0,0,1
487.40451097488403,17.57.144.39,192.168.0.22,5223,51530,78,3.790855407714844e-05,78.6,4521,52,0,0,0,0,0,0,1
487.4045469760895,17.57.144.39,192.168.0.22,5223,51530,339,3.600120544433594e-05,107.3,4547,52,0,0,0,0,0,0,1
487.4045789241791,192.168.0.22,17.57.144.39,51530,5223,52,3.1948089599609375e-05,106.1,4882,52,0,0,0,0,0,0,1
487.4046070575714,192.168.0.22,17.57.144.39,51530,5223,84,2.8133392333984375e-05,106.1,4882,52,0,0,0,0,0,0,1
487.4046308994293,192.168.0.22,17.57.144.39,51530,5223,84,2.384185791015625e-05,109.3,4914,52,0,0,0,0,0,0,1
487.4046549797058,17.57.144.39,192.168.0.22,5223,51530,52,2.4080276489257812e-05,105.3,4834,52,0,0,0,0,0,0,1
487.40472507476807,192.168.0.22,17.248.200.68,51544,443,64,7.009506225585938e-05,106.5,0,64,0,0,0,0,0,0,0
487.4047820568085,192.168.0.22,17.57.144.39,51530,5223,1287,5.698204040527344e-05,227.6,4946,52,0,0,0,0,0,0,1
487.4048068523407,17.248.200.68,192.168.0.22,443,51544,60,2.47955322265625e-05,228.4,0,60,0,0,0,0,0,0,0
487.40482902526855,192.168.0.22,17.248.200.68,51544,443,52,2.2172927856445312e-05,215.2,1,52,0,0,0,0,0,0,0
487.4049439430237,192.168.0.22,17.248.200.68,51544,443,569,0.00011491775512695312,264.3,1,52,0,0,0,0,0,0,0
487.40497303009033,17.57.144.39,192.168.0.22,5223,51530,88,2.9087066650390625e-05,239.2,4834,52,0,0,0,0,0,0,1
487.4049959182739,192.168.0.22,17.57.144.39,51530,5223,52,2.288818359375e-05,239.2,6181,52,0,0,0,0,0,0,1
487.4050278663635,17.248.200.68,192.168.0.22,443,51544,52,3.1948089599609375e-05,236.0,1,52,0,0,0,0,0,0,0
487.4050500392914,17.248.200.68,192.168.0.22,443,51544,52,2.2172927856445312e-05,232.8,1,52,0,0,0,0,0,0,0
487.40511989593506,17.248.200.68,192.168.0.22,443,51544,1500,6.985664367675781e-05,377.6,1,52,0,0,0,0,0,0,0
487.4052059650421,17.248.200.68,192.168.0.22,443,51544,1500,8.606910705566406e-05,521.2,1449,52,0,0,0,0,0,0,0
487.40525698661804,17.248.200.68,192.168.0.22,443,51544,1252,5.1021575927734375e-05,517.7,2897,52,0,0,0,0,0,0,0
487.4053158760071,17.248.200.68,192.168.0.22,443,51544,1500,5.888938903808594e-05,661.7,4097,52,0,0,0,0,0,0,0
487.40538692474365,17.248.200.68,192.168.0.22,443,51544,855,7.104873657226562e-05,742.0,5545,52,0,0,0,0,0,0,0
487.40546202659607,192.168.0.22,17.248.200.68,51544,443,52,7.510185241699219e-05,690.3,518,52,0,0,0,0,0,0,0
487.40567803382874,192.168.0.22,17.248.200.68,51544,443,52,0.00021600723266601562,686.7,518,52,0,0,0,0,0,0,0
487.40571188926697,192.168.0.22,17.248.200.68,51544,443,145,3.3855438232421875e-05,696.0,518,52,0,0,0,0,0,0,0
487.4057400226593,17.248.200.68,192.168.0.22,443,51544,103,2.8133392333984375e-05,701.1,6348,52,0,0,0,0,0,0,0
487.40608286857605,192.168.0.22,17.248.200.68,51544,443,52,0.0003428459167480469,701.1,611,52,0,0,0,0,0,0,0
487.40620708465576,192.168.0.22,17.248.200.68,51544,443,1158,0.00012421607971191406,666.9,611,52,0,0,0,0,0,0,0
487.4063160419464,192.168.0.22,17.248.200.68,51544,443,1143,0.00010895729064941406,631.2,1717,52,0,0,0,0,0,0,0
488.40771293640137,17.248.200.68,192.168.0.22,443,51544,52,1.001396894454956,511.2,6399,52,0,0,0,0,0,0,0
488.40792298316956,17.248.200.68,192.168.0.22,443,51544,1500,0.00021004676818847656,511.2,6399,52,0,0,0,0,0,0,0
488.40798687934875,17.248.200.68,192.168.0.22,443,51544,237,6.389617919921875e-05,449.4,7847,52,0,0,0,0,0,0,0
488.40802001953125,192.168.0.22,17.248.200.68,51544,443,52,3.314018249511719e-05,449.4,2808,52,0,0,0,0,0,0,0
488.408145904541,17.57.144.39,192.168.0.22,5223,51530,131,0.000125885009765625,457.3,4870,52,0,0,0,0,0,0,1
488.40831899642944,192.168.0.22,17.57.144.39,51530,5223,52,0.00017309188842773438,448.0,6181,52,0,0,0,0,0,0,1
488.4084138870239,17.57.144.39,192.168.0.22,5223,51530,131,9.489059448242188e-05,450.8,4949,52,0,0,0,0,0,0,1
488.40867590904236,192.168.0.22,17.57.144.39,51530,5223,52,0.0002620220184326172,450.8,6181,52,0,0,0,0,0,0,1
488.40887689590454,192.168.0.22,17.57.144.39,51530,5223,84,0.0002009868621826172,343.4,6181,52,0,0,0,0,0,0,1
488.4092869758606,192.168.0.22,17.57.144.39,51530,5223,84,0.0004100799560546875,237.5,6213,52,0,0,0,0,0,0,1
488.4096100330353,17.57.144.39,192.168.0.22,5223,51530,52,0.0003230571746826172,237.5,5028,52,0,0,0,0,0,0,1
488.4098708629608,17.57.144.39,192.168.0.22,5223,51530,159,0.0002608299255371094,103.4,5028,52,0,0,0,0,0,0,1
488.4100179672241,192.168.0.22,17.57.144.39,51530,5223,52,0.00014710426330566406,84.9,6245,52,0,0,0,0,0,0,1
488.410227060318,17.57.144.39,192.168.0.22,5223,51530,159,0.0002090930938720703,95.6,5135,52,0,0,0,0,0,0,1
488.4103789329529,192.168.0.22,17.57.144.39,51530,5223,84,0.0001518726348876953,90.9,6245,52,0,0,0,0,0,0,1
488.410621881485,192.168.0.22,17.57.144.39,51530,5223,52,0.0002429485321044922,90.9,6277,52,0,0,0,0,0,0,1
488.41074800491333,192.168.0.22,17.57.144.39,51530,5223,84,0.00012612342834472656,86.2,6277,52,0,0,0,0,0,0,1
488.41119289398193,17.57.144.39,192.168.0.22,5223,51530,52,0.0004448890686035156,86.2,5242,52,0,0,0,0,0,0,1
488.411926984787,192.168.0.22,17.248.200.68,51544,443,1169,0.0007340908050537109,194.7,2808,52,0,0,0,0,0,0,0
488.4122998714447,192.168.0.22,17.248.200.68,51544,443,1311,0.00037288665771484375,317.4,3925,52,0,0,0,0,0,0,0
488.4124150276184,192.168.0.22,17.248.200.68,51545,443,64,0.00011515617370605469,318.6,0,64,0,0,0,0,0,0,0
488.4126169681549,192.168.0.22,17.248.200.68,51546,443,64,0.00020194053649902344,309.1,0,64,0,0,0,0,0,0,0
488.4130618572235,192.168.0.22,17.248.200.68,51547,443,64,0.0004448890686035156,310.3,0,64,0,0,0,0,0,0,0
488.41340494155884,17.248.200.68,192.168.0.22,443,51545,60,0.00034308433532714844,300.4,0,60,0,0,0,0,0,0,0
488.41360902786255,17.248.200.68,192.168.0.22,443,51544,52,0.0002040863037109375,297.2,8032,52,0,0,0,0,0,0,0
488.41371488571167,192.168.0.22,17.248.200.68,51545,443,52,0.00010585784912109375,297.2,1,52,0,0,0,0,0,0,0
488.4140429496765,192.168.0.22,17.248.200.68,51545,443,569,0.00032806396484375,345.7,1,52,0,0,0,0,0,0,0
488.41422486305237,17.248.200.68,192.168.0.22,443,51546,60,0.0001819133758544922,346.5,0,60,0,0,0,0,0,0,0
488.4148590564728,192.168.0.22,17.248.200.68,51546,443,52,0.0006341934204101562,234.8,1,52,0,0,0,0,0,0,0
488.415011882782,192.168.0.22,17.248.200.68,51546,443,569,0.00015282630920410156,160.6,1,52,0,0,0,0,0,0,0
488.41510796546936,17.248.200.68,192.168.0.22,443,51547,60,9.608268737792969e-05,160.2,0,60,0,0,0,0,0,0,0
488.4153869152069,192.168.0.22,17.248.200.68,51547,443,52,0.0002789497375488281,159.0,1,52,0,0,0,0,0,0,0
488.4155578613281,192.168.0.22,17.248.200.68,51547,443,569,0.0001709461212158203,209.5,1,52,0,0,0,0,0,0,0
488.4168698787689,17.248.200.68,192.168.0.22,443,51545,52,0.0013120174407958984,208.7,1,52,0,0,0,0,0,0,0
488.4171040058136,17.248.200.68,192.168.0.22,443,51545,1500,0.00023412704467773438,353.5,1,52,0,0,0,0,0,0,0
488.4172999858856,17.248.200.68,192.168.0.22,443,51545,1500,0.00019598007202148438,498.3,1449,52,0,0,0,0,0,0,0
488.417582988739,17.248.200.68,192.168.0.22,443,51545,1252,0.0002830028533935547,566.6,2897,52,0,0,0,0,0,0,0
488.41786789894104,17.248.200.68,192.168.0.22,443,51545,1500,0.0002849102020263672,710.6,4097,52,0,0,0,0,0,0,0
488.4179449081421,17.248.200.68,192.168.0.22,443,51545,855,7.700920104980469e-05,790.9,5545,52,0,0,0,0,0,0,0
488.4180438518524,192.168.0.22,17.248.200.68,51545,443,52,9.894371032714844e-05,739.2,518,52,0,0,0,0,0,0,0
488.41849994659424,192.168.0.22,17.248.200.68,51545,443,52,0.00045609474182128906,738.4,518,52,0,0,0,0,0,0,0
488.4185280799866,17.248.200.68,192.168.0.22,443,51546,52,2.8133392333984375e-05,738.4,1,52,0,0,0,0,0,0,0
488.41857290267944,17.248.200.68,192.168.0.22,443,51546,52,4.482269287109375e-05,686.7,1,52,0,0,0,0,0,0,0
488.41863203048706,17.248.200.68,192.168.0.22,443,51546,1500,5.91278076171875e-05,831.5,1,52,0,0,0,0,0,0,0
488.4187228679657,17.248.200.68,192.168.0.22,443,51546,1500,9.083747863769531e-05,831.5,1449,52,0,0,0,0,0,0,0
488.41877794265747,17.248.200.68,192.168.0.22,443,51546,1252,5.507469177246094e-05,806.7,2897,52,0,0,0,0,0,0,0
488.4188380241394,17.248.200.68,192.168.0.22,443,51546,1500,6.008148193359375e-05,831.5,4097,52,0,0,0,0,0,0,0
488.41888093948364,17.248.200.68,192.168.0.22,443,51546,856,4.291534423828125e-05,767.1,5545,52,0,0,0,0,0,0,0
488.41890597343445,192.168.0.22,17.248.200.68,51546,443,52,2.5033950805664062e-05,686.8,518,52,0,0,0,0,0,0,0
488.41893005371094,192.168.0.22,17.248.200.68,51546,443,52,2.4080276489257812e-05,686.8,518,52,0,0,0,0,0,0,0
488.41895604133606,192.168.0.22,17.248.200.68,51545,443,145,2.5987625122070312e-05,696.1,518,52,0,0,0,0,0,0,0
488.4190969467163,17.248.200.68,192.168.0.22,443,51544,953,0.00014090538024902344,786.2,8032,52,0,0,0,0,0,0,0
488.4192190170288,17.248.200.68,192.168.0.22,443,51547,52,0.0001220703125,786.2,1,52,0,0,0,0,0,0,0
488.41931796073914,192.168.0.22,17.248.200.68,51546,443,145,9.894371032714844e-05,650.7,518,52,0,0,0,0,0,0,0
488.41934299468994,192.168.0.22,17.248.200.68,51544,443,52,2.5033950805664062e-05,505.9,5184,52,0,0,0,0,0,0,0
488.41942405700684,17.248.200.68,192.168.0.22,443,51547,1500,8.106231689453125e-05,530.7,1,52,0,0,0,0,0,0,0
488.41948986053467,17.248.200.68,192.168.0.22,443,51547,1500,6.580352783203125e-05,530.7,1449,52,0,0,0,0,0,0,0
488.4195399284363,17.248.200.68,192.168.0.22,443,51547,1252,5.0067901611328125e-05,570.3,2897,52,0,0,0,0,0,0,0
488.41956996917725,192.168.0.22,17.248.200.68,51547,443,52,3.0040740966796875e-05,570.3,518,52,0,0,0,0,0,0,0
488.41959285736084,192.168.0.22,17.248.200.68,51547,443,52,2.288818359375e-05,570.3,518,52,0,0,0,0,0,0,0
488.4202039241791,17.248.200.68,192.168.0.22,443,51547,1500,0.0006110668182373047,705.8,4097,52,0,0,0,0,0,0,0
488.4202470779419,17.248.200.68,192.168.0.22,443,51547,855,4.315376281738281e-05,696.0,5545,52,0,0,0,0,0,0,0
488.4203670024872,192.168.0.22,17.248.200.68,51547,443,52,0.00011992454528808594,696.0,518,52,0,0,0,0,0,0,0
488.420392036438,17.248.200.68,192.168.0.22,443,51545,103,2.5033950805664062e-05,691.8,6348,52,0,0,0,0,0,0,0
488.42043685913086,192.168.0.22,17.248.200.68,51545,443,52,4.482269287109375e-05,691.8,611,52,0,0,0,0,0,0,0
488.42048597335815,192.168.0.22,17.248.200.68,51545,443,1171,4.9114227294921875e-05,658.9,611,52,0,0,0,0,0,0,0
488.4205389022827,192.168.0.22,17.248.200.68,51545,443,1420,5.2928924560546875e-05,650.9,1730,52,0,0,0,0,0,0,0
488.42056608200073,17.248.200.68,192.168.0.22,443,51546,103,2.7179718017578125e-05,536.0,6349,52,0,0,0,0,0,0,0
488.4205889701843,192.168.0.22,17.248.200.68,51546,443,52,2.288818359375e-05,536.0,611,52,0,0,0,0,0,0,0
488.42072892189026,192.168.0.22,17.248.200.68,51546,443,1171,0.0001399517059326172,647.9,611,52,0,0,0,0,0,0,0
488.42088508605957,192.168.0.22,17.248.200.68,51546,443,1419,0.00015616416931152344,639.8,1730,52,0,0,0,0,0,0,0
488.42110085487366,17.248.200.68,192.168.0.22,443,51545,52,0.00021576881408691406,559.5,6399,52,0,0,0,0,0,0,0
488.4214279651642,17.248.200.68,192.168.0.22,443,51546,52,0.00032711029052734375,559.5,6400,52,0,0,0,0,0,0,0
488.42218804359436,192.168.0.22,17.248.200.68,51547,443,145,0.0007600784301757812,563.7,518,52,0,0,0,0,0,0,0
488.42221999168396,17.248.200.68,192.168.0.22,443,51545,52,3.1948089599609375e-05,563.7,6399,52,0,0,0,0,0,0,0
488.42230701446533,17.248.200.68,192.168.0.22,443,51547,103,8.702278137207031e-05,456.9,6348,52,0,0,0,0,0,0,0
488.4223840236664,192.168.0.22,17.248.200.68,51547,443,52,7.700920104980469e-05,320.1,611,52,0,0,0,0,0,0,0
488.42264199256897,192.168.0.22,17.248.200.68,51547,443,1171,0.0002579689025878906,426.9,611,52,0,0,0,0,0,0,0
488.42270588874817,192.168.0.22,17.248.200.68,51547,443,1420,6.389617919921875e-05,563.7,1730,52,0,0,0,0,0,0,0
488.4227330684662,17.248.200.68,192.168.0.22,443,51547,52,2.7179718017578125e-05,451.8,6399,52,0,0,0,0,0,0,0
488.4228558540344,17.248.200.68,192.168.0.22,443,51545,973,0.0001227855682373047,407.2,6399,52,0,0,0,0,0,0,0
488.4229130744934,192.168.0.22,17.248.200.68,51545,443,52,5.7220458984375e-05,407.2,3098,52,0,0,0,0,0,0,0
488.42313408851624,17.248.200.68,192.168.0.22,443,51547,974,0.00022101402282714844,499.4,6399,52,0,0,0,0,0,0,0
488.4232180118561,192.168.0.22,17.248.200.68,51547,443,52,8.392333984375e-05,490.1,3098,52,0,0,0,0,0,0,0
488.42430305480957,17.248.200.68,192.168.0.22,443,51546,974,0.001085042953491211,582.3,6400,52,0,0,0,0,0,0,0
488.42433190345764,192.168.0.22,17.248.200.68,51546,443,52,2.8848648071289062e-05,577.2,3097,52,0,0,0,0,0,0,0
492.56508207321167,192.168.0.22,17.57.144.39,51530,5223,92,4.140750169754028,581.2,6309,52,0,0,0,0,0,0,1
493.563364982605,192.168.0.22,17.57.144.39,51530,5223,92,0.9982829093933105,473.3,6309,52,0,0,0,0,0,0,1
493.5633840560913,17.57.144.39,192.168.0.22,5223,51530,76,1.9073486328125e-05,338.9,5242,52,0,0,0,0,0,0,1
493.5634129047394,192.168.0.22,17.57.144.39,51530,5223,52,2.8848648071289062e-05,338.9,6349,52,0,0,0,0,0,0,1
493.5634310245514,17.57.144.39,192.168.0.22,5223,51530,64,1.811981201171875e-05,248.0,5266,64,0,0,0,0,0,0,1
518.6136660575867,192.168.0.22,17.248.200.68,51544,443,83,25.05023503303528,251.1,5184,52,0,0,0,0,0,0,0
518.6137230396271,192.168.0.22,17.248.200.68,51544,443,52,5.698204040527344e-05,158.9,5215,52,0,0,0,0,0,0,0
518.6137669086456,17.248.200.68,192.168.0.22,443,51544,64,4.38690185546875e-05,160.1,8933,64,0,0,0,0,0,0,0
518.6138029098511,17.248.200.68,192.168.0.22,443,51544,52,3.600120544433594e-05,67.9,8933,52,0,0,0,0,0,0,0
518.6138379573822,17.248.200.68,192.168.0.22,443,51544,52,3.504753112792969e-05,67.9,8933,52,0,0,0,0,0,0,0
518.6138730049133,192.168.0.22,17.248.200.68,51544,443,83,3.504753112792969e-05,67.0,5184,52,0,0,0,0,0,0,0
518.6139039993286,192.168.0.22,17.248.200.68,51544,443,52,3.0994415283203125e-05,63.0,5216,52,0,0,0,0,0,0,0
518.6139359474182,17.248.200.68,192.168.0.22,443,51544,64,3.1948089599609375e-05,61.8,8934,64,0,0,0,0,0,0,0
518.6139719486237,192.168.0.22,17.248.200.68,51544,443,40,3.600120544433594e-05,60.6,5216,40,0,0,0,0,0,0,0
518.6140050888062,192.168.0.22,17.248.200.68,51545,443,83,3.314018249511719e-05,62.5,3098,52,0,0,0,0,0,0,0
518.6140389442444,192.168.0.22,17.248.200.68,51547,443,83,3.3855438232421875e-05,62.5,3098,52,0,0,0,0,0,0,0
518.6140758991241,192.168.0.22,17.248.200.68,51545,443,52,3.695487976074219e-05,62.5,3129,52,0,0,0,0,0,0,0
518.6141068935394,192.168.0.22,17.248.200.68,51547,443,52,3.0994415283203125e-05,61.3,3129,52,0,0,0,0,0,0,0
518.6142098903656,17.248.200.68,192.168.0.22,443,51547,64,0.000102996826171875,62.5,7321,64,0,0,0,0,0,0,0
518.6143579483032,17.248.200.68,192.168.0.22,443,51545,52,0.0001480579376220703,62.5,7320,52,0,0,0,0,0,0,0
518.6144049167633,17.248.200.68,192.168.0.22,443,51545,52,4.696846008300781e-05,59.4,7320,52,0,0,0,0,0,0,0
518.6144409179688,192.168.0.22,17.248.200.68,51547,443,83,3.600120544433594e-05,62.5,3098,52,0,0,0,0,0,0,0
518.6144728660583,192.168.0.22,17.248.200.68,51545,443,52,3.1948089599609375e-05,61.3,3130,52,0,0,0,0,0,0,0
518.6145060062408,17.248.200.68,192.168.0.22,443,51547,52,3.314018249511719e-05,62.5,7321,52,0,0,0,0,0,0,0
518.6148219108582,17.248.200.68,192.168.0.22,443,51547,52,0.0003159046173095703,59.4,7321,52,0,0,0,0,0,0,0
518.6150178909302,192.168.0.22,17.248.200.68,51547,443,52,0.00019598007202148438,56.3,3130,52,0,0,0,0,0,0,0
518.6150538921356,17.248.200.68,192.168.0.22,443,51547,64,3.600120544433594e-05,57.5,7322,64,0,0,0,0,0,0,0
518.6150860786438,192.168.0.22,17.248.200.68,51547,443,40,3.218650817871094e-05,56.3,3130,40,0,0,0,0,0,0,0
519.6174368858337,192.168.0.22,17.248.200.68,51546,443,83,1.0023508071899414,58.2,3097,52,0,0,0,0,0,0,0
519.6174650192261,192.168.0.22,17.248.200.68,51546,443,52,2.8133392333984375e-05,58.2,3128,52,0,0,0,0,0,0,0
519.617488861084,17.248.200.68,192.168.0.22,443,51546,64,2.384185791015625e-05,59.4,7322,64,0,0,0,0,0,0,0
519.6177949905396,192.168.0.22,17.248.200.68,51546,443,83,0.00030612945556640625,59.4,3097,52,0,0,0,0,0,0,0
519.6178998947144,17.248.200.68,192.168.0.22,443,51546,52,0.0001049041748046875,59.4,7322,52,0,0,0,0,0,0,0
519.6179330348969,17.248.200.68,192.168.0.22,443,51546,52,3.314018249511719e-05,59.4,7322,52,0,0,0,0,0,0,0
519.6179659366608,192.168.0.22,17.248.200.68,51546,443,52,3.2901763916015625e-05,59.4,3129,52,0,0,0,0,0,0,0
519.6180138587952,17.248.200.68,192.168.0.22,443,51546,64,4.792213439941406e-05,60.6,7323,64,0,0,0,0,0,0,0
519.6180400848389,192.168.0.22,17.248.200.68,51546,443,40,2.6226043701171875e-05,58.2,3129,40,0,0,0,0,0,0,0
541.7971389293671,17.57.144.39,192.168.0.22,5223,51530,339,22.1790988445282,88.1,5266,52,0,0,0,0,0,0,1
541.797189950943,17.57.144.39,192.168.0.22,5223,51530,78,5.1021575927734375e-05,87.6,5553,52,0,0,0,0,0,0,1
541.7972209453583,192.168.0.22,17.57.144.39,51530,5223,52,3.0994415283203125e-05,87.6,6349,52,0,0,0,0,0,0,1
541.7972400188446,192.168.0.22,17.57.144.39,51530,5223,84,1.9073486328125e-05,89.6,6349,52,0,0,0,0,0,0,1
541.7972569465637,17.57.144.39,192.168.0.22,5223,51530,52,1.6927719116210938e-05,86.5,5579,52,0,0,0,0,0,0,1
546.813353061676,192.168.0.22,17.57.144.39,51530,5223,92,5.016096115112305,90.5,6381,52,0,0,0,0,0,0,1
546.8133909702301,17.57.144.39,192.168.0.22,5223,51530,52,3.790855407714844e-05,90.5,5579,52,0,0,0,0,0,0,1
546.8134179115295,17.57.144.39,192.168.0.22,5223,51530,76,2.6941299438476562e-05,92.9,5579,52,0,0,0,0,0,0,1
546.8134438991547,192.168.0.22,17.57.144.39,51530,5223,52,2.5987625122070312e-05,91.7,6421,52,0,0,0,0,0,0,1
