src_ip,dst_ip,src_port,dst_port,length,inter_arrival_time,rolling_avg_length,is_malicious
67.195.204.56,192.168.0.194,443,51250,76,0.0,76.0,0
67.195.204.56,192.168.0.194,443,51250,52,3.1948089599609375e-05,64.0,0
67.195.204.56,192.168.0.194,443,51250,52,3.814697265625e-05,60.0,0
192.168.0.194,67.195.204.56,51250,443,52,3.2901763916015625e-05,58.0,0
192.168.0.194,67.195.204.56,51250,443,76,3.910064697265625e-05,61.6,0
192.168.0.194,67.195.204.56,51250,443,52,3.0040740966796875e-05,60.0,0
67.195.204.56,192.168.0.194,443,51250,40,0.00010991096496582031,57.142857142857146,0
67.195.204.56,192.168.0.194,443,51250,40,0.0002770423889160156,55.0,0
192.168.0.194,52.15.215.21,51248,443,91,4.010257005691528,59.0,0
192.168.0.194,52.15.215.21,51249,443,91,1.5974044799804688e-05,62.2,0
192.168.0.194,52.15.215.21,51248,443,76,1.2874603271484375e-05,62.2,0
192.168.0.194,52.15.215.21,51249,443,76,1.3113021850585938e-05,64.6,0
52.15.215.21,192.168.0.194,443,51248,52,1.5020370483398438e-05,64.6,0
52.15.215.21,192.168.0.194,443,51249,52,1.2874603271484375e-05,64.6,0
52.15.215.21,192.168.0.194,443,51249,76,1.0025639533996582,64.6,0
52.15.215.21,192.168.0.194,443,51249,52,3.123283386230469e-05,64.6,0
192.168.0.194,52.15.215.21,51249,443,40,2.47955322265625e-05,64.6,0
192.168.0.194,52.15.215.21,51249,443,40,2.9087066650390625e-05,64.6,0
192.168.0.194,52.15.215.21,51248,443,76,2.288818359375e-05,63.1,0
52.15.215.21,192.168.0.194,443,51249,52,2.4080276489257812e-05,59.2,0
192.168.0.194,52.15.215.21,51249,443,40,2.3126602172851562e-05,55.6,0
52.15.215.21,192.168.0.194,443,51249,76,0.00011801719665527344,55.6,0
192.168.0.194,52.15.215.21,51249,443,40,2.193450927734375e-05,54.4,0
52.15.215.21,192.168.0.194,443,51248,76,0.0004019737243652344,56.8,0
52.15.215.21,192.168.0.194,443,51248,52,2.5033950805664062e-05,54.4,0
192.168.0.194,52.15.215.21,51248,443,40,0.0002110004425048828,53.2,0
192.168.0.194,52.15.215.21,51248,443,40,2.8848648071289062e-05,53.2,0
17.57.144.155,192.168.0.194,5223,51238,339,23.05033302307129,83.1,1
17.57.144.155,192.168.0.194,5223,51238,78,0.0002319812774658203,83.3,0
192.168.0.194,17.57.144.155,51238,5223,52,2.09808349609375e-05,83.3,0
192.168.0.194,17.57.144.155,51238,5223,84,1.71661376953125e-05,87.7,0
192.168.0.194,17.57.144.155,51238,5223,1288,4.291534423828125e-05,208.9,0
17.57.144.155,192.168.0.194,5223,51238,52,1.5974044799804688e-05,210.1,0
17.57.144.155,192.168.0.194,5223,51238,184,1.9073486328125e-05,220.9,0
192.168.0.194,17.57.144.155,51238,5223,52,1.5020370483398438e-05,220.9,0
192.168.0.194,17.57.144.155,51238,5223,84,1.2874603271484375e-05,225.3,0
17.57.144.155,192.168.0.194,5223,51238,52,1.3113021850585938e-05,226.5,0
17.57.144.155,192.168.0.194,5223,51238,88,1.2874603271484375e-05,201.4,0
192.168.0.194,17.57.144.155,51238,5223,52,1.3113021850585938e-05,198.8,0
17.57.144.155,192.168.0.194,5223,51238,52,3.600120544433594e-05,198.8,0
192.168.0.194,17.248.200.67,51251,443,64,3.695487976074219e-05,196.8,0
17.248.200.67,192.168.0.194,443,51251,60,1.0967254638671875e-05,74.0,0
192.168.0.194,17.248.200.67,51251,443,52,1.0967254638671875e-05,74.0,0
192.168.0.194,17.248.200.67,51251,443,569,2.002716064453125e-05,112.5,0
17.57.144.155,192.168.0.194,5223,51238,131,1.4066696166992188e-05,120.4,0
192.168.0.194,17.57.144.155,51238,5223,52,1.0967254638671875e-05,117.2,0
192.168.0.194,17.57.144.155,51238,5223,84,1.1920928955078125e-05,120.4,0
17.57.144.155,192.168.0.194,5223,51238,131,1.4066696166992188e-05,124.7,0
17.248.200.67,192.168.0.194,443,51251,52,1.2159347534179688e-05,124.7,0
192.168.0.194,17.57.144.155,51238,5223,52,1.1920928955078125e-05,124.7,0
17.248.200.67,192.168.0.194,443,51251,1500,3.0994415283203125e-05,268.3,0
17.248.200.67,192.168.0.194,443,51251,1500,2.9087066650390625e-05,412.3,0
17.248.200.67,192.168.0.194,443,51251,1252,2.6941299438476562e-05,532.3,0
17.248.200.67,192.168.0.194,443,51251,1500,2.8848648071289062e-05,625.4,0
17.248.200.67,192.168.0.194,443,51251,856,2.09808349609375e-05,697.9,0
192.168.0.194,17.248.200.67,51251,443,52,1.2159347534179688e-05,697.9,0
192.168.0.194,17.248.200.67,51251,443,52,1.0967254638671875e-05,694.7,0
192.168.0.194,17.248.200.67,51251,443,52,1.0967254638671875e-05,686.8,0
192.168.0.194,17.57.144.155,51238,5223,84,1.0967254638671875e-05,690.0,0
17.57.144.155,192.168.0.194,5223,51238,159,1.5974044799804688e-05,700.7,0
17.57.144.155,192.168.0.194,5223,51238,159,1.4066696166992188e-05,566.6,0
192.168.0.194,17.57.144.155,51238,5223,52,1.1920928955078125e-05,421.8,0
192.168.0.194,17.57.144.155,51238,5223,84,1.1205673217773438e-05,305.0,0
192.168.0.194,17.57.144.155,51238,5223,84,1.1920928955078125e-05,163.4,0
17.57.144.155,192.168.0.194,5223,51238,52,1.0967254638671875e-05,83.0,0
192.168.0.194,17.248.200.67,51251,443,145,1.3113021850585938e-05,92.3,0
17.57.144.155,192.168.0.194,5223,51238,52,1.1920928955078125e-05,92.3,0
17.248.200.67,192.168.0.194,443,51251,103,1.1920928955078125e-05,97.4,0
192.168.0.194,17.248.200.67,51251,443,52,1.0967254638671875e-05,94.2,0
192.168.0.194,17.248.200.67,51251,443,1158,2.7179718017578125e-05,194.1,0
192.168.0.194,17.248.200.67,51251,443,1143,2.5987625122070312e-05,292.5,0
192.168.0.194,17.248.200.67,51251,443,1500,0.9951279163360596,437.3,0
17.248.200.67,192.168.0.194,443,51251,52,0.00018310546875,434.1,0
17.248.200.67,192.168.0.194,443,51251,1403,3.695487976074219e-05,566.0,0
192.168.0.194,17.248.200.67,51251,443,52,1.3828277587890625e-05,566.0,0
17.248.200.67,192.168.0.194,443,51251,64,0.00024700164794921875,557.9,0
192.168.0.194,17.248.200.67,51251,443,1171,3.0040740966796875e-05,669.8,0
192.168.0.194,17.248.200.67,51251,443,1500,3.314018249511719e-05,809.5,0
192.168.0.194,17.248.200.67,51251,443,85,2.002716064453125e-05,812.8,0
17.248.200.67,192.168.0.194,443,51251,52,0.0009829998016357422,702.2,0
192.168.0.194,17.248.200.67,51251,443,1500,0.0008788108825683594,737.9,0
17.248.200.67,192.168.0.194,443,51251,52,0.0008101463317871094,593.1,0
17.248.200.67,192.168.0.194,443,51251,52,1.2874603271484375e-05,593.1,0
17.248.200.67,192.168.0.194,443,51251,64,0.0013680458068847656,459.2,0
17.248.200.67,192.168.0.194,443,51251,953,0.00021195411682128906,549.3,0
192.168.0.194,17.248.200.67,51251,443,52,2.8133392333984375e-05,548.1,0
192.168.0.194,17.248.200.67,51251,443,1164,1.004317045211792,547.4,0
192.168.0.194,17.248.200.67,51251,443,1142,4.792213439941406e-05,511.6,0
17.248.200.67,192.168.0.194,443,51251,52,2.6941299438476562e-05,508.3,0
17.248.200.67,192.168.0.194,443,51251,52,1.811981201171875e-05,508.3,0
17.248.200.67,192.168.0.194,443,51251,997,2.47955322265625e-05,458.0,0
17.57.144.155,192.168.0.194,5223,51238,184,2.3126602172851562e-05,471.2,1
17.57.144.155,192.168.0.194,5223,51238,184,1.5974044799804688e-05,484.4,0
192.168.0.194,17.57.144.155,51238,5223,52,1.3113021850585938e-05,483.2,0
192.168.0.194,17.248.200.67,51251,443,52,1.3828277587890625e-05,393.1,0
192.168.0.194,17.57.144.155,51238,5223,84,1.5020370483398438e-05,396.3,0
192.168.0.194,17.57.144.155,51238,5223,84,1.2159347534179688e-05,288.3,0
192.168.0.194,17.248.200.67,51251,443,1158,0.00020885467529296875,289.9,0
192.168.0.194,17.248.200.67,51251,443,1143,5.2928924560546875e-05,399.0,0
192.168.0.194,17.248.200.67,51252,443,64,2.5033950805664062e-05,400.2,0
17.57.144.155,192.168.0.194,5223,51238,52,7.700920104980469e-05,305.7,0
17.248.200.67,192.168.0.194,443,51251,52,2.6941299438476562e-05,292.5,0
17.248.200.67,192.168.0.194,443,51251,52,2.2172927856445312e-05,279.3,0
17.248.200.67,192.168.0.194,443,51252,60,2.193450927734375e-05,280.1,0
192.168.0.194,17.248.200.67,51252,443,52,2.09808349609375e-05,280.1,0
192.168.0.194,17.248.200.67,51252,443,569,0.00022912025451660156,328.6,0
17.248.200.67,192.168.0.194,443,51252,52,0.00033283233642578125,325.4,0
17.248.200.67,192.168.0.194,443,51252,52,2.3126602172851562e-05,214.8,0
17.248.200.67,192.168.0.194,443,51252,1500,6.29425048828125e-05,250.5,0
17.248.200.67,192.168.0.194,443,51252,1500,5.602836608886719e-05,394.1,0
17.248.200.67,192.168.0.194,443,51252,1252,0.00010609626770019531,514.1,0
17.248.200.67,192.168.0.194,443,51252,1500,6.580352783203125e-05,658.9,0
17.248.200.67,192.168.0.194,443,51252,855,4.9114227294921875e-05,739.2,0
17.248.200.67,192.168.0.194,443,51252,855,0.00010204315185546875,818.7,0
17.248.200.67,192.168.0.194,443,51251,1500,5.793571472167969e-05,963.5,0
17.248.200.67,192.168.0.194,443,51251,237,3.504753112792969e-05,930.3,0
192.168.0.194,17.248.200.67,51252,443,52,2.384185791015625e-05,930.3,0
192.168.0.194,17.248.200.67,51252,443,64,2.3126602172851562e-05,931.5,0
192.168.0.194,17.248.200.67,51252,443,52,2.193450927734375e-05,786.7,0
192.168.0.194,17.248.200.67,51251,443,52,2.193450927734375e-05,641.9,0
17.248.200.67,192.168.0.194,443,51251,237,2.7179718017578125e-05,540.4,0
192.168.0.194,17.248.200.67,51251,443,64,2.5033950805664062e-05,396.8,0
192.168.0.194,17.248.200.67,51252,443,145,0.0001728534698486328,325.8,0
17.248.200.67,192.168.0.194,443,51252,103,1.002324104309082,250.6,0
192.168.0.194,17.248.200.67,51252,443,52,4.482269287109375e-05,105.8,0
192.168.0.194,17.248.200.67,51252,443,1158,6.413459777832031e-05,197.9,0
192.168.0.194,17.248.200.67,51252,443,1143,5.1975250244140625e-05,307.0,0
17.248.200.67,192.168.0.194,443,51252,52,3.2901763916015625e-05,305.8,0
17.248.200.67,192.168.0.194,443,51252,1500,5.817413330078125e-05,450.6,0
17.248.200.67,192.168.0.194,443,51252,237,3.2901763916015625e-05,469.1,0
192.168.0.194,17.248.200.67,51252,443,52,2.8133392333984375e-05,450.6,0
192.168.0.194,17.248.200.67,51251,443,1169,0.0001709461212158203,561.1,0
192.168.0.194,17.248.200.67,51251,443,1311,0.00027489662170410156,677.7,0
192.168.0.194,17.248.200.67,51252,443,1171,4.100799560546875e-05,784.5,0
192.168.0.194,17.248.200.67,51252,443,1419,4.100799560546875e-05,921.2,0
192.168.0.194,17.248.200.67,51253,443,64,2.09808349609375e-05,811.8,0
17.248.200.67,192.168.0.194,443,51251,52,0.00017714500427246094,702.7,0
17.248.200.67,192.168.0.194,443,51251,52,1.9788742065429688e-05,702.7,0
17.248.200.67,192.168.0.194,443,51252,52,0.0001800060272216797,557.9,0
17.248.200.67,192.168.0.194,443,51253,60,2.2172927856445312e-05,540.2,0
192.168.0.194,17.248.200.67,51253,443,52,1.6927719116210938e-05,540.2,0
192.168.0.194,17.248.200.67,51253,443,569,2.6941299438476562e-05,480.2,0
17.248.200.67,192.168.0.194,443,51253,52,0.0002810955047607422,354.3,0
17.248.200.67,192.168.0.194,443,51253,1500,0.0005910396575927734,387.2,0
17.248.200.67,192.168.0.194,443,51253,1500,4.792213439941406e-05,395.3,0
17.248.200.67,192.168.0.194,443,51253,1252,3.695487976074219e-05,514.1,0
17.248.200.67,192.168.0.194,443,51253,1500,5.602836608886719e-05,658.9,0
17.248.200.67,192.168.0.194,443,51253,855,3.0994415283203125e-05,739.2,0
192.168.0.194,17.248.200.67,51253,443,52,1.6927719116210938e-05,739.2,0
17.248.200.67,192.168.0.194,443,51251,953,3.504753112792969e-05,828.5,0
192.168.0.194,17.248.200.67,51253,443,52,1.9073486328125e-05,828.5,0
192.168.0.194,17.248.200.67,51253,443,52,7.200241088867188e-05,776.8,0
192.168.0.194,17.248.200.67,51251,443,52,0.0003409385681152344,776.8,0
192.168.0.194,17.248.200.67,51253,443,145,3.0994415283203125e-05,641.3,0
17.248.200.67,192.168.0.194,443,51252,974,0.00020194053649902344,588.7,0
192.168.0.194,17.248.200.67,51252,443,52,2.002716064453125e-05,468.7,0
17.248.200.67,192.168.0.194,443,51253,52,1.5974044799804688e-05,323.9,0
17.248.200.67,192.168.0.194,443,51253,103,1.9073486328125e-05,248.7,0
192.168.0.194,17.248.200.67,51253,443,52,0.00026607513427734375,248.7,0
192.168.0.194,17.248.200.67,51253,443,1171,0.00028705596923828125,270.5,0
192.168.0.194,17.248.200.67,51253,443,1420,6.580352783203125e-05,407.3,0
17.248.200.67,192.168.0.194,443,51253,52,2.5033950805664062e-05,407.3,0
17.248.200.67,192.168.0.194,443,51253,52,0.00016498565673828125,407.3,0
17.248.200.67,192.168.0.194,443,51253,973,0.000286102294921875,490.1,0
192.168.0.194,17.248.200.67,51253,443,52,0.00031304359436035156,397.9,0
192.168.0.194,17.57.144.155,51238,5223,92,4.007520914077759,401.9,1
17.57.144.155,192.168.0.194,5223,51238,76,6.008148193359375e-05,404.3,0
192.168.0.194,17.57.144.155,51238,5223,52,3.886222839355469e-05,399.2,0
192.168.0.194,17.248.200.67,51251,443,83,27.047796964645386,402.3,0
192.168.0.194,17.248.200.67,51252,443,83,6.413459777832031e-05,293.5,0
192.168.0.194,17.248.200.67,51253,443,83,4.00543212890625e-05,159.8,0
192.168.0.194,17.248.200.67,51251,443,52,3.695487976074219e-05,159.8,0
192.168.0.194,17.248.200.67,51252,443,52,3.0994415283203125e-05,159.8,0
192.168.0.194,17.248.200.67,51253,443,52,3.1948089599609375e-05,67.7,0
17.248.200.67,192.168.0.194,443,51251,64,9.703636169433594e-05,68.9,0
192.168.0.194,17.248.200.67,51251,443,83,0.00010204315185546875,68.0,0
17.248.200.67,192.168.0.194,443,51252,64,3.600120544433594e-05,66.8,0
17.248.200.67,192.168.0.194,443,51252,52,0.00016498565673828125,66.8,0
17.248.200.67,192.168.0.194,443,51252,52,4.100799560546875e-05,63.7,0
17.248.200.67,192.168.0.194,443,51251,52,3.2901763916015625e-05,60.6,0
17.248.200.67,192.168.0.194,443,51251,52,0.00025200843811035156,57.5,0
17.248.200.67,192.168.0.194,443,51253,64,0.00023698806762695312,58.7,0
192.168.0.194,17.248.200.67,51252,443,83,4.601478576660156e-05,61.8,0
192.168.0.194,17.248.200.67,51252,443,52,3.314018249511719e-05,61.8,0
192.168.0.194,17.248.200.67,51251,443,52,3.981590270996094e-05,60.6,0
192.168.0.194,17.248.200.67,51253,443,83,0.00019311904907226562,60.6,0
17.248.200.67,192.168.0.194,443,51253,52,4.291534423828125e-05,59.4,0
17.248.200.67,192.168.0.194,443,51253,52,0.00014400482177734375,59.4,0
192.168.0.194,17.248.200.67,51253,443,52,3.409385681152344e-05,59.4,0
17.248.200.67,192.168.0.194,443,51251,64,3.2901763916015625e-05,60.6,0
192.168.0.194,17.248.200.67,51251,443,40,0.0003409385681152344,59.4,0
17.248.200.67,192.168.0.194,443,51253,64,0.0001971721649169922,59.4,0
192.168.0.194,17.248.200.67,51253,443,40,4.100799560546875e-05,55.1,0
17.57.144.155,192.168.0.194,5223,51238,339,83.38493800163269,83.8,1
17.57.144.155,192.168.0.194,5223,51238,78,1.7881393432617188e-05,86.4,0
192.168.0.194,17.57.144.155,51238,5223,52,5.2928924560546875e-05,83.3,0
17.57.144.155,192.168.0.194,5223,51238,78,3.0994415283203125e-05,85.9,0
192.168.0.194,17.57.144.155,51238,5223,64,2.5033950805664062e-05,87.1,0
192.168.0.194,17.57.144.155,51238,5223,84,4.8160552978515625e-05,90.3,0
17.57.144.155,192.168.0.194,5223,51238,52,0.00011587142944335938,89.1,0
192.168.0.194,17.57.144.155,51238,5223,92,5.0210371017456055,94.3,1
17.57.144.155,192.168.0.194,5223,51238,52,9.894371032714844e-05,93.1,0
17.57.144.155,192.168.0.194,5223,51238,76,2.09808349609375e-05,96.7,0
192.168.0.194,17.57.144.155,51238,5223,52,1.3113021850585938e-05,68.0,0
17.57.144.155,192.168.0.194,5223,51238,184,1.0028948783874512,78.6,1
17.57.144.155,192.168.0.194,5223,51238,78,2.6941299438476562e-05,81.2,0
192.168.0.194,17.57.144.155,51238,5223,52,8.0108642578125e-05,78.6,0
192.168.0.194,17.57.144.155,51238,5223,84,2.6941299438476562e-05,80.6,0
17.57.144.155,192.168.0.194,5223,51238,78,2.193450927734375e-05,80.0,0
192.168.0.194,17.57.144.155,51238,5223,64,2.2172927856445312e-05,81.2,0
192.168.0.194,17.248.200.67,51254,443,64,0.00024390220642089844,78.4,0
17.57.144.155,192.168.0.194,5223,51238,52,3.409385681152344e-05,78.4,0
17.248.200.67,192.168.0.194,443,51254,60,0.00013899803161621094,76.8,0
192.168.0.194,17.248.200.67,51254,443,52,3.2901763916015625e-05,76.8,0
192.168.0.194,17.248.200.67,51254,443,569,4.410743713378906e-05,115.3,0
17.248.200.67,192.168.0.194,443,51254,52,0.0002570152282714844,112.7,0
17.248.200.67,192.168.0.194,443,51254,52,2.5033950805664062e-05,112.7,0
17.248.200.67,192.168.0.194,443,51254,1500,0.0003139972686767578,254.3,0
17.248.200.67,192.168.0.194,443,51254,1500,5.5789947509765625e-05,396.5,0
17.248.200.67,192.168.0.194,443,51254,1252,5.602836608886719e-05,515.3,0
17.248.200.67,192.168.0.194,443,51254,1500,0.00021600723266601562,658.9,0
17.248.200.67,192.168.0.194,443,51254,856,0.0006840229034423828,739.3,0
192.168.0.194,17.248.200.67,51254,443,52,5.507469177246094e-05,738.5,0
192.168.0.194,17.248.200.67,51254,443,52,8.606910705566406e-05,738.5,0
192.168.0.194,17.248.200.67,51254,443,52,3.600120544433594e-05,686.8,0
192.168.0.194,17.248.200.67,51254,443,145,2.9802322387695312e-05,696.1,0
17.248.200.67,192.168.0.194,443,51254,103,2.5987625122070312e-05,701.2,0
192.168.0.194,17.248.200.67,51254,443,52,2.5987625122070312e-05,556.4,0
192.168.0.194,17.248.200.67,51254,443,1158,5.602836608886719e-05,522.2,0
192.168.0.194,17.248.200.67,51254,443,1143,0.00010204315185546875,511.3,0
17.248.200.67,192.168.0.194,443,51254,52,2.5987625122070312e-05,366.5,0
17.248.200.67,192.168.0.194,443,51254,52,2.2172927856445312e-05,286.1,0
17.248.200.67,192.168.0.194,443,51254,1500,0.0001068115234375,430.9,0
17.248.200.67,192.168.0.194,443,51254,234,3.814697265625e-05,449.1,0
192.168.0.194,17.248.200.67,51254,443,52,0.00019693374633789062,449.1,0
192.168.0.194,17.248.200.67,51254,443,1169,1.002150058746338,551.5,0
192.168.0.194,17.248.200.67,51254,443,1310,6.103515625e-05,672.2,0
192.168.0.194,17.248.200.67,51255,443,64,2.9802322387695312e-05,673.4,0
192.168.0.194,17.248.200.67,51256,443,64,1.9073486328125e-05,564.0,0
17.248.200.67,192.168.0.194,443,51254,52,1.9073486328125e-05,454.9,0
192.168.0.194,17.248.200.67,51257,443,64,0.00037384033203125,456.1,0
17.248.200.67,192.168.0.194,443,51255,60,0.0002682209014892578,456.9,0
17.248.200.67,192.168.0.194,443,51254,52,2.288818359375e-05,312.1,0
17.248.200.67,192.168.0.194,443,51256,60,1.6927719116210938e-05,294.7,0
17.248.200.67,192.168.0.194,443,51254,953,3.814697265625e-05,384.8,0
192.168.0.194,17.248.200.67,51255,443,52,1.8835067749023438e-05,273.1,0
192.168.0.194,17.248.200.67,51255,443,569,0.0003650188446044922,199.0,0
192.168.0.194,17.248.200.67,51254,443,1310,4.315376281738281e-05,323.6,0
192.168.0.194,17.248.200.67,51254,443,52,0.00012087821960449219,322.4,0
192.168.0.194,17.248.200.67,51256,443,52,2.4080276489257812e-05,322.4,0
192.168.0.194,17.248.200.67,51256,443,569,2.6941299438476562e-05,372.9,0
17.248.200.67,192.168.0.194,443,51257,60,1.811981201171875e-05,372.9,0
192.168.0.194,17.248.200.67,51257,443,52,1.6927719116210938e-05,372.9,0
192.168.0.194,17.248.200.67,51257,443,569,0.0003669261932373047,423.8,0
17.248.200.67,192.168.0.194,443,51255,52,2.002716064453125e-05,333.7,0
17.248.200.67,192.168.0.194,443,51255,1500,0.0002961158752441406,478.5,0
17.248.200.67,192.168.0.194,443,51255,1500,4.1961669921875e-05,571.6,0
17.248.200.67,192.168.0.194,443,51255,1252,3.695487976074219e-05,565.8,0
192.168.0.194,17.248.200.67,51255,443,52,1.7881393432617188e-05,565.8,0
192.168.0.194,17.248.200.67,51255,443,52,0.0003650188446044922,565.8,0
17.248.200.67,192.168.0.194,443,51255,1500,7.510185241699219e-05,658.9,0
17.248.200.67,192.168.0.194,443,51255,856,4.506111145019531e-05,738.5,0
17.248.200.67,192.168.0.194,443,51254,64,2.5987625122070312e-05,739.7,0
17.248.200.67,192.168.0.194,443,51255,52,1.6927719116210938e-05,688.0,0
17.248.200.67,192.168.0.194,443,51256,52,1.5974044799804688e-05,688.0,0
17.248.200.67,192.168.0.194,443,51256,1500,4.100799560546875e-05,688.0,0
17.248.200.67,192.168.0.194,443,51256,1500,0.0003490447998046875,688.0,0
17.248.200.67,192.168.0.194,443,51256,1252,4.38690185546875e-05,688.0,0
17.248.200.67,192.168.0.194,443,51256,1500,0.00019121170043945312,832.8,0
17.248.200.67,192.168.0.194,443,51256,855,3.981590270996094e-05,913.1,0
192.168.0.194,17.248.200.67,51255,443,52,1.811981201171875e-05,768.3,0
192.168.0.194,17.248.200.67,51256,443,52,1.5974044799804688e-05,687.9,0
192.168.0.194,17.248.200.67,51256,443,52,0.00025010108947753906,686.7,0
192.168.0.194,17.248.200.67,51255,443,145,4.982948303222656e-05,696.0,0
192.168.0.194,17.248.200.67,51256,443,145,2.2172927856445312e-05,705.3,0
17.248.200.67,192.168.0.194,443,51257,52,0.00026988983154296875,560.5,0
17.248.200.67,192.168.0.194,443,51257,1500,4.601478576660156e-05,560.5,0
17.248.200.67,192.168.0.194,443,51257,1500,3.886222839355469e-05,585.3,0
17.248.200.67,192.168.0.194,443,51257,1252,3.719329833984375e-05,560.5,0
17.248.200.67,192.168.0.194,443,51257,1500,0.00020503997802734375,625.0,0
17.248.200.67,192.168.0.194,443,51257,854,3.886222839355469e-05,705.2,0
17.248.200.67,192.168.0.194,443,51257,854,0.00013899803161621094,785.4,0
192.168.0.194,17.248.200.67,51257,443,52,2.5033950805664062e-05,785.4,0
192.168.0.194,17.248.200.67,51257,443,52,1.6927719116210938e-05,776.1,0
192.168.0.194,17.248.200.67,51257,443,52,1.71661376953125e-05,766.8,0
192.168.0.194,17.248.200.67,51257,443,64,1.7881393432617188e-05,768.0,0
17.248.200.67,192.168.0.194,443,51256,52,0.00030112266540527344,623.2,0
17.248.200.67,192.168.0.194,443,51256,103,0.0004868507385253906,483.5,0
17.248.200.67,192.168.0.194,443,51255,103,2.002716064453125e-05,368.6,0
192.168.0.194,17.248.200.67,51256,443,52,1.811981201171875e-05,223.8,0
192.168.0.194,17.248.200.67,51255,443,52,2.7894973754882812e-05,143.6,0
192.168.0.194,17.248.200.67,51256,443,1171,5.2928924560546875e-05,175.3,0
192.168.0.194,17.248.200.67,51255,443,1171,0.0001380443572998047,287.2,0
192.168.0.194,17.248.200.67,51257,443,145,2.002716064453125e-05,296.5,0
192.168.0.194,17.248.200.67,51256,443,1420,5.507469177246094e-05,433.3,0
192.168.0.194,17.248.200.67,51255,443,1420,3.886222839355469e-05,568.9,0
17.248.200.67,192.168.0.194,443,51257,103,2.3126602172851562e-05,574.0,0
192.168.0.194,17.248.200.67,51257,443,52,1.7881393432617188e-05,568.9,0
192.168.0.194,17.248.200.67,51257,443,1171,0.0004551410675048828,675.7,0
192.168.0.194,17.248.200.67,51257,443,1420,4.1961669921875e-05,812.5,0
17.248.200.67,192.168.0.194,443,51255,52,2.193450927734375e-05,812.5,0
17.248.200.67,192.168.0.194,443,51256,52,7.295608520507812e-05,700.6,0
17.248.200.67,192.168.0.194,443,51257,52,2.2172927856445312e-05,588.7,0
17.248.200.67,192.168.0.194,443,51257,52,1.6927719116210938e-05,579.4,0
17.248.200.67,192.168.0.194,443,51256,973,3.2901763916015625e-05,534.7,0
192.168.0.194,17.248.200.67,51256,443,52,0.00025200843811035156,397.9,0
17.248.200.67,192.168.0.194,443,51255,974,0.0002541542053222656,485.0,0
192.168.0.194,17.248.200.67,51255,443,52,1.7881393432617188e-05,485.0,0
17.248.200.67,192.168.0.194,443,51257,974,3.1948089599609375e-05,465.3,0
192.168.0.194,17.248.200.67,51257,443,52,0.0002880096435546875,328.5,0
192.168.0.194,17.57.144.155,51238,5223,92,4.065161943435669,332.5,1
17.57.144.155,192.168.0.194,5223,51238,52,2.6226043701171875e-05,332.5,0
17.57.144.155,192.168.0.194,5223,51238,76,2.384185791015625e-05,334.9,0
192.168.0.194,17.57.144.155,51238,5223,52,2.5033950805664062e-05,334.9,0
192.168.0.194,17.248.200.67,51254,443,83,26.315547943115234,245.9,0
192.168.0.194,17.248.200.67,51256,443,83,1.9073486328125e-05,249.0,0
192.168.0.194,17.248.200.67,51254,443,52,2.09808349609375e-05,156.8,0
192.168.0.194,17.248.200.67,51256,443,52,1.4066696166992188e-05,156.8,0
17.248.200.67,192.168.0.194,443,51254,64,1.5020370483398438e-05,65.8,0
17.248.200.67,192.168.0.194,443,51256,64,0.00010395050048828125,67.0,0
192.168.0.194,17.248.200.67,51254,443,83,2.002716064453125e-05,66.1,0
192.168.0.194,17.248.200.67,51256,443,83,1.5020370483398438e-05,69.2,0
17.248.200.67,192.168.0.194,443,51254,52,0.0004699230194091797,66.8,0
17.248.200.67,192.168.0.194,443,51254,52,2.193450927734375e-05,66.8,0
17.248.200.67,192.168.0.194,443,51256,52,0.00023102760314941406,63.7,0
17.248.200.67,192.168.0.194,443,51256,52,1.9073486328125e-05,60.6,0
192.168.0.194,17.248.200.67,51254,443,52,1.5020370483398438e-05,60.6,0
192.168.0.194,17.248.200.67,51256,443,52,1.1920928955078125e-05,60.6,0
17.248.200.67,192.168.0.194,443,51254,64,1.1920928955078125e-05,60.6,0
192.168.0.194,17.248.200.67,51254,443,40,1.5020370483398438e-05,58.2,0
17.248.200.67,192.168.0.194,443,51256,64,0.00030517578125,56.3,0
192.168.0.194,17.248.200.67,51256,443,40,1.6927719116210938e-05,52.0,0
192.168.0.194,17.248.200.67,51255,443,83,1.0024540424346924,55.1,0
192.168.0.194,17.248.200.67,51257,443,83,4.00543212890625e-05,58.2,0
192.168.0.194,17.248.200.67,51255,443,52,1.9788742065429688e-05,58.2,0
192.168.0.194,17.248.200.67,51257,443,52,1.4066696166992188e-05,58.2,0
17.248.200.67,192.168.0.194,443,51255,64,1.5020370483398438e-05,59.4,0
192.168.0.194,17.248.200.67,51255,443,83,1.4066696166992188e-05,62.5,0
17.248.200.67,192.168.0.194,443,51257,64,1.8835067749023438e-05,62.5,0
192.168.0.194,17.248.200.67,51257,443,83,1.4066696166992188e-05,66.8,0
17.248.200.67,192.168.0.194,443,51255,52,1.3113021850585938e-05,65.6,0
17.248.200.67,192.168.0.194,443,51255,52,0.00017499923706054688,66.8,0
17.248.200.67,192.168.0.194,443,51257,52,2.002716064453125e-05,63.7,0
17.248.200.67,192.168.0.194,443,51257,52,0.00017380714416503906,60.6,0
192.168.0.194,17.248.200.67,51255,443,52,3.0040740966796875e-05,60.6,0
192.168.0.194,17.248.200.67,51257,443,52,1.5974044799804688e-05,60.6,0
17.248.200.67,192.168.0.194,443,51255,64,0.00034999847412109375,60.6,0
192.168.0.194,17.248.200.67,51255,443,40,0.00011205673217773438,56.3,0
17.248.200.67,192.168.0.194,443,51257,64,1.5020370483398438e-05,56.3,0
192.168.0.194,17.248.200.67,51257,443,40,1.6927719116210938e-05,52.0,0
192.168.0.194,17.56.12.226,51258,443,64,19.088199138641357,53.2,0
192.168.0.194,17.56.12.226,51259,443,64,1.3828277587890625e-05,54.4,0
17.56.12.226,192.168.0.194,443,51258,60,0.0006170272827148438,55.2,0
192.168.0.194,17.56.12.226,51258,443,52,1.5020370483398438e-05,55.2,0
192.168.0.194,17.56.12.226,51258,443,569,2.4080276489257812e-05,106.9,0
17.56.12.226,192.168.0.194,443,51259,60,1.5974044799804688e-05,107.7,0
192.168.0.194,17.56.12.226,51259,443,52,1.5020370483398438e-05,106.5,0
192.168.0.194,17.56.12.226,51259,443,569,4.696846008300781e-05,159.4,0
17.56.12.226,192.168.0.194,443,51258,52,0.0002949237823486328,158.2,0
17.56.12.226,192.168.0.194,443,51258,1500,3.814697265625e-05,304.2,0
192.168.0.194,17.56.12.226,51258,443,52,1.5974044799804688e-05,303.0,0
17.56.12.226,192.168.0.194,443,51258,1412,3.409385681152344e-05,437.8,0
192.168.0.194,17.56.12.226,51258,443,52,1.4781951904296875e-05,437.0,0
17.56.12.226,192.168.0.194,443,51259,52,1.4066696166992188e-05,437.0,0
17.56.12.226,192.168.0.194,443,51259,52,1.4066696166992188e-05,385.3,0
17.56.12.226,192.168.0.194,443,51259,1500,3.600120544433594e-05,529.3,0
17.56.12.226,192.168.0.194,443,51259,1412,3.3855438232421875e-05,665.3,0
192.168.0.194,17.56.12.226,51259,443,52,1.5020370483398438e-05,613.6,0
192.168.0.194,17.56.12.226,51258,443,132,1.5020370483398438e-05,621.6,0
192.168.0.194,17.56.12.226,51258,443,353,1.9073486328125e-05,506.9,0
192.168.0.194,17.56.12.226,51259,443,132,5.602836608886719e-05,514.9,0
192.168.0.194,17.56.12.226,51259,443,353,2.002716064453125e-05,409.0,0
192.168.0.194,17.56.12.226,51258,443,437,2.002716064453125e-05,447.5,0
192.168.0.194,17.56.12.226,51259,443,1043,4.482269287109375e-05,546.6,0
17.56.12.226,192.168.0.194,443,51258,355,7.104873657226562e-05,576.9,0
17.56.12.226,192.168.0.194,443,51258,355,2.193450927734375e-05,462.4,0
192.168.0.194,17.56.12.226,51258,443,52,1.71661376953125e-05,326.4,0
17.56.12.226,192.168.0.194,443,51259,355,1.8835067749023438e-05,356.7,0
17.56.12.226,192.168.0.194,443,51259,355,4.220008850097656e-05,379.0,0
192.168.0.194,17.56.12.226,51259,443,52,1.7881393432617188e-05,348.9,0
17.56.12.226,192.168.0.194,443,51258,52,0.00013899803161621094,340.9,0
17.56.12.226,192.168.0.194,443,51258,343,2.5987625122070312e-05,339.9,0
192.168.0.194,17.56.12.226,51258,443,52,1.5974044799804688e-05,301.4,0
17.56.12.226,192.168.0.194,443,51259,52,1.71661376953125e-05,202.3,0
17.56.12.226,192.168.0.194,443,51259,343,1.8835067749023438e-05,201.1,0
192.168.0.194,17.56.12.226,51259,443,52,1.5020370483398438e-05,170.8,0
192.168.0.194,17.56.12.226,51258,443,76,2.0037729740142822,173.2,0
192.168.0.194,17.56.12.226,51259,443,76,2.7179718017578125e-05,145.3,0
192.168.0.194,17.56.12.226,51258,443,52,2.6941299438476562e-05,115.0,0
192.168.0.194,17.56.12.226,51259,443,52,2.193450927734375e-05,115.0,0
17.56.12.226,192.168.0.194,443,51258,52,2.09808349609375e-05,115.0,0
17.56.12.226,192.168.0.194,443,51258,52,2.193450927734375e-05,85.9,0
17.56.12.226,192.168.0.194,443,51259,52,2.09808349609375e-05,85.9,0
17.56.12.226,192.168.0.194,443,51259,52,2.1219253540039062e-05,85.9,0
192.168.0.194,17.56.12.226,51258,443,52,2.09808349609375e-05,56.8,0
192.168.0.194,17.56.12.226,51259,443,52,2.09808349609375e-05,56.8,0
17.57.144.155,192.168.0.194,5223,51238,339,60.2207248210907,83.1,1
17.57.144.155,192.168.0.194,5223,51238,78,9.703636169433594e-05,83.3,0
192.168.0.194,17.57.144.155,51238,5223,52,1.71661376953125e-05,83.3,0
192.168.0.194,17.57.144.155,51238,5223,84,4.982948303222656e-05,86.5,0
17.57.144.155,192.168.0.194,5223,51238,78,0.0006501674652099609,89.1,0
192.168.0.194,17.57.144.155,51238,5223,64,3.2901763916015625e-05,90.3,0
17.57.144.155,192.168.0.194,5223,51238,52,1.4066696166992188e-05,90.3,0
192.168.0.194,17.57.144.155,51238,5223,1288,4.1961669921875e-05,213.9,0
17.57.144.155,192.168.0.194,5223,51238,52,1.2874603271484375e-05,213.9,0
17.57.144.155,192.168.0.194,5223,51238,88,2.7179718017578125e-05,217.5,0
192.168.0.194,17.57.144.155,51238,5223,52,1.2874603271484375e-05,188.8,0
17.57.144.155,192.168.0.194,5223,51238,131,1.0005831718444824,194.1,1
192.168.0.194,17.57.144.155,51238,5223,52,3.4809112548828125e-05,194.1,0
192.168.0.194,17.57.144.155,51238,5223,84,1.5974044799804688e-05,194.1,0
17.57.144.155,192.168.0.194,5223,51238,131,5.698204040527344e-05,199.4,0
192.168.0.194,17.57.144.155,51238,5223,52,0.0001430511474609375,198.2,0
192.168.0.194,17.57.144.155,51238,5223,84,0.0001399517059326172,201.4,0
17.57.144.155,192.168.0.194,5223,51238,159,0.00010013580322265625,88.5,0
17.57.144.155,192.168.0.194,5223,51238,159,7.605552673339844e-05,99.2,0
192.168.0.194,17.57.144.155,51238,5223,52,2.384185791015625e-05,95.6,0
192.168.0.194,17.57.144.155,51238,5223,84,5.91278076171875e-05,98.8,0
192.168.0.194,17.57.144.155,51238,5223,84,4.696846008300781e-05,94.1,0
17.57.144.155,192.168.0.194,5223,51238,52,1.6927719116210938e-05,94.1,0
17.57.144.155,192.168.0.194,5223,51238,52,1.3113021850585938e-05,90.9,0
192.168.0.194,17.57.144.155,51238,5223,92,5.01253604888916,87.0,1
17.57.144.155,192.168.0.194,5223,51238,76,0.00010991096496582031,89.4,0
192.168.0.194,17.57.144.155,51238,5223,52,6.008148193359375e-05,86.2,0
17.57.144.155,192.168.0.194,5223,51238,184,0.0001049041748046875,88.7,0
17.57.144.155,192.168.0.194,5223,51238,78,2.002716064453125e-05,80.6,0
192.168.0.194,17.57.144.155,51238,5223,52,1.7881393432617188e-05,80.6,0
192.168.0.194,17.57.144.155,51238,5223,84,0.00034499168395996094,80.6,0
17.57.144.155,192.168.0.194,5223,51238,52,4.220008850097656e-05,77.4,0
192.168.0.194,17.248.200.65,51260,443,64,0.0003819465637207031,78.6,0
17.248.200.65,192.168.0.194,443,51260,60,2.384185791015625e-05,79.4,0
192.168.0.194,17.248.200.65,51260,443,52,0.00017404556274414062,75.4,0
192.168.0.194,17.248.200.65,51260,443,569,3.314018249511719e-05,124.7,0
17.248.200.65,192.168.0.194,443,51260,52,1.7881393432617188e-05,124.7,0
17.248.200.65,192.168.0.194,443,51260,1500,4.410743713378906e-05,256.3,0
17.248.200.65,192.168.0.194,443,51260,1500,0.0003018379211425781,398.5,0
17.248.200.65,192.168.0.194,443,51260,1252,4.506111145019531e-05,518.5,0
17.248.200.65,192.168.0.194,443,51260,1500,0.0001571178436279297,660.1,0
17.248.200.65,192.168.0.194,443,51260,856,3.3855438232421875e-05,740.5,0
192.168.0.194,17.248.200.65,51260,443,52,1.811981201171875e-05,739.3,0
192.168.0.194,17.248.200.65,51260,443,52,1.6927719116210938e-05,738.5,0
192.168.0.194,17.248.200.65,51260,443,52,0.00017595291137695312,738.5,0
192.168.0.194,17.248.200.65,51260,443,145,0.0002040863037109375,696.1,0
17.248.200.65,192.168.0.194,443,51260,103,1.9073486328125e-05,701.2,0
192.168.0.194,17.248.200.65,51260,443,52,1.5974044799804688e-05,556.4,0
192.168.0.194,17.248.200.65,51260,443,1158,0.00035500526428222656,522.2,0
192.168.0.194,17.248.200.65,51260,443,1143,0.00026702880859375,511.3,0
17.248.200.65,192.168.0.194,443,51260,52,2.7894973754882812e-05,366.5,0
17.248.200.65,192.168.0.194,443,51260,1500,5.507469177246094e-05,430.9,0
17.248.200.65,192.168.0.194,443,51260,234,3.0040740966796875e-05,449.1,0
192.168.0.194,17.248.200.65,51260,443,52,0.0001678466796875,449.1,0
192.168.0.194,17.248.200.65,51260,443,1169,5.602836608886719e-05,560.8,0
192.168.0.194,17.248.200.65,51260,443,1310,0.00014400482177734375,677.3,0
192.168.0.194,17.248.200.65,51261,443,64,2.5033950805664062e-05,673.4,0
192.168.0.194,17.248.200.65,51262,443,64,1.00227689743042,674.6,0
17.248.200.65,192.168.0.194,443,51260,52,5.817413330078125e-05,564.0,0
17.248.200.65,192.168.0.194,443,51261,60,3.1948089599609375e-05,455.7,0
17.248.200.65,192.168.0.194,443,51262,60,2.6941299438476562e-05,456.5,0
192.168.0.194,17.248.200.65,51263,443,64,3.2901763916015625e-05,312.9,0
192.168.0.194,17.248.200.65,51261,443,52,2.3126602172851562e-05,294.7,0
192.168.0.194,17.248.200.65,51261,443,569,7.295608520507812e-05,346.4,0
192.168.0.194,17.248.200.65,51262,443,52,4.00543212890625e-05,234.7,0
192.168.0.194,17.248.200.65,51262,443,569,3.695487976074219e-05,160.6,0
192.168.0.194,17.248.200.65,51264,443,64,7.295608520507812e-05,160.6,0
17.248.200.65,192.168.0.194,443,51263,60,3.910064697265625e-05,160.2,0
192.168.0.194,17.248.200.65,51263,443,52,0.00012087821960449219,160.2,0
192.168.0.194,17.248.200.65,51263,443,569,5.507469177246094e-05,211.1,0
17.248.200.65,192.168.0.194,443,51261,52,0.0002460479736328125,210.3,0
17.248.200.65,192.168.0.194,443,51261,1500,6.985664367675781e-05,353.9,0
17.248.200.65,192.168.0.194,443,51261,1500,5.817413330078125e-05,498.7,0
17.248.200.65,192.168.0.194,443,51261,1252,5.3882598876953125e-05,567.0,0
192.168.0.194,17.248.200.65,51261,443,52,2.4080276489257812e-05,567.0,0
192.168.0.194,17.248.200.65,51261,443,52,0.00011992454528808594,515.3,0
17.248.200.65,192.168.0.194,443,51261,1500,6.008148193359375e-05,658.9,0
17.248.200.65,192.168.0.194,443,51261,856,0.00021386146545410156,738.5,0
17.248.200.65,192.168.0.194,443,51262,52,2.5033950805664062e-05,738.5,0
17.248.200.65,192.168.0.194,443,51262,1500,5.507469177246094e-05,831.6,0
17.248.200.65,192.168.0.194,443,51262,1500,6.103515625e-05,976.4,0
17.248.200.65,192.168.0.194,443,51264,60,0.00011897087097167969,832.4,0
17.248.200.65,192.168.0.194,443,51262,1252,0.0003390312194824219,807.6,0
17.248.200.65,192.168.0.194,443,51262,1500,6.389617919921875e-05,832.4,0
17.248.200.65,192.168.0.194,443,51262,854,4.315376281738281e-05,912.6,0
192.168.0.194,17.248.200.65,51261,443,52,0.00013685226440429688,912.6,0
17.248.200.65,192.168.0.194,443,51263,52,3.314018249511719e-05,767.8,0
17.248.200.65,192.168.0.194,443,51263,1500,0.0009059906005859375,832.2,0
17.248.200.65,192.168.0.194,443,51263,1500,0.0001068115234375,977.0,0
17.248.200.65,192.168.0.194,443,51263,1252,0.0001010894775390625,952.2,0
17.248.200.65,192.168.0.194,443,51263,1500,9.393692016601562e-05,952.2,0
17.248.200.65,192.168.0.194,443,51263,856,0.00013399124145507812,1031.8,0
17.248.200.65,192.168.0.194,443,51260,953,7.414817810058594e-05,1001.9,0
192.168.0.194,17.248.200.65,51262,443,52,3.600120544433594e-05,857.1,0
192.168.0.194,17.248.200.65,51262,443,52,2.5987625122070312e-05,776.9,0
192.168.0.194,17.248.200.65,51264,443,52,2.384185791015625e-05,776.9,0
192.168.0.194,17.248.200.65,51264,443,569,7.009506225585938e-05,828.6,0
192.168.0.194,17.248.200.65,51263,443,52,2.6941299438476562e-05,683.8,0
192.168.0.194,17.248.200.65,51263,443,52,2.3126602172851562e-05,539.0,0
192.168.0.194,17.248.200.65,51260,443,52,2.193450927734375e-05,419.0,0
17.248.200.65,192.168.0.194,443,51264,52,2.193450927734375e-05,274.2,0
17.248.200.65,192.168.0.194,443,51264,52,2.09808349609375e-05,193.8,0
17.248.200.65,192.168.0.194,443,51264,1500,5.817413330078125e-05,248.5,0
17.248.200.65,192.168.0.194,443,51264,1500,0.0002658367156982422,393.3,0
17.248.200.65,192.168.0.194,443,51264,1252,5.817413330078125e-05,513.3,0
17.248.200.65,192.168.0.194,443,51264,1500,0.00014400482177734375,658.1,0
17.248.200.65,192.168.0.194,443,51264,855,4.792213439941406e-05,686.7,0
192.168.0.194,17.248.200.65,51264,443,52,2.288818359375e-05,686.7,0
192.168.0.194,17.248.200.65,51264,443,52,2.2172927856445312e-05,686.7,0
192.168.0.194,17.248.200.65,51261,443,145,2.7894973754882812e-05,696.0,0
192.168.0.194,17.248.200.65,51262,443,145,0.0001850128173828125,705.3,0
17.248.200.65,192.168.0.194,443,51261,103,2.9087066650390625e-05,710.4,0
17.248.200.65,192.168.0.194,443,51262,103,0.0002129077911376953,570.7,0
192.168.0.194,17.248.200.65,51261,443,52,3.0040740966796875e-05,425.9,0
192.168.0.194,17.248.200.65,51261,443,1171,4.792213439941406e-05,417.8,0
192.168.0.194,17.248.200.65,51262,443,52,2.3126602172851562e-05,273.0,0
192.168.0.194,17.248.200.65,51262,443,1171,0.0003719329833984375,304.6,0
192.168.0.194,17.248.200.65,51263,443,145,3.1948089599609375e-05,313.9,0
192.168.0.194,17.248.200.65,51261,443,1420,6.103515625e-05,450.7,0
192.168.0.194,17.248.200.65,51262,443,1420,0.00011491775512695312,578.2,0
17.248.200.65,192.168.0.194,443,51263,103,2.8133392333984375e-05,574.0,0
17.248.200.65,192.168.0.194,443,51261,52,2.193450927734375e-05,568.9,0
17.248.200.65,192.168.0.194,443,51262,52,2.193450927734375e-05,563.8,0
192.168.0.194,17.248.200.65,51264,443,145,2.5033950805664062e-05,573.1,0
192.168.0.194,17.248.200.65,51263,443,52,0.00023412704467773438,461.2,0
192.168.0.194,17.248.200.65,51263,443,1171,5.602836608886719e-05,573.1,0
192.168.0.194,17.248.200.65,51263,443,1420,0.0002570152282714844,598.0,0
17.248.200.65,192.168.0.194,443,51264,103,2.6941299438476562e-05,593.8,0
192.168.0.194,17.248.200.65,51264,443,52,2.7894973754882812e-05,457.0,0
192.168.0.194,17.248.200.65,51264,443,1171,4.696846008300781e-05,432.1,0
192.168.0.194,17.248.200.65,51264,443,1420,6.103515625e-05,563.8,0
17.248.200.65,192.168.0.194,443,51263,52,2.3126602172851562e-05,563.8,0
17.248.200.65,192.168.0.194,443,51264,52,2.193450927734375e-05,563.8,0
17.248.200.65,192.168.0.194,443,51262,974,0.00039696693420410156,646.7,0
192.168.0.194,17.248.200.65,51262,443,52,2.5987625122070312e-05,646.7,0
17.248.200.65,192.168.0.194,443,51261,974,4.410743713378906e-05,627.0,0
192.168.0.194,17.248.200.65,51261,443,52,2.288818359375e-05,490.2,0
17.248.200.65,192.168.0.194,443,51264,974,5.1021575927734375e-05,577.3,0
192.168.0.194,17.248.200.65,51264,443,52,2.3126602172851562e-05,577.3,0
17.248.200.65,192.168.0.194,443,51263,974,8.797645568847656e-05,557.6,0
192.168.0.194,17.248.200.65,51263,443,52,2.288818359375e-05,420.8,0
192.168.0.194,17.57.144.155,51238,5223,92,4.007456064224243,424.8,1
17.57.144.155,192.168.0.194,5223,51238,52,4.38690185546875e-05,424.8,0
17.57.144.155,192.168.0.194,5223,51238,76,3.600120544433594e-05,335.0,0
192.168.0.194,17.57.144.155,51238,5223,52,2.5033950805664062e-05,335.0,0
192.168.0.194,17.248.200.65,51260,443,83,26.09908103942871,245.9,0
192.168.0.194,17.248.200.65,51260,443,52,4.9114227294921875e-05,245.9,0
17.248.200.65,192.168.0.194,443,51260,64,3.0994415283203125e-05,154.9,0
17.248.200.65,192.168.0.194,443,51260,52,1.8835067749023438e-05,154.9,0
17.248.200.65,192.168.0.194,443,51260,52,1.71661376953125e-05,62.7,0
192.168.0.194,17.248.200.65,51260,443,83,1.7881393432617188e-05,65.8,0
192.168.0.194,17.248.200.65,51260,443,52,1.9073486328125e-05,61.8,0
17.248.200.65,192.168.0.194,443,51260,64,1.6927719116210938e-05,63.0,0
192.168.0.194,17.248.200.65,51260,443,40,2.3126602172851562e-05,59.4,0
192.168.0.194,17.248.200.65,51261,443,83,1.0025420188903809,62.5,0
192.168.0.194,17.248.200.65,51262,443,83,4.38690185546875e-05,62.5,0
192.168.0.194,17.248.200.65,51263,443,83,3.600120544433594e-05,65.6,0
192.168.0.194,17.248.200.65,51264,443,83,3.0994415283203125e-05,67.5,0
192.168.0.194,17.248.200.65,51261,443,52,2.5987625122070312e-05,67.5,0
192.168.0.194,17.248.200.65,51262,443,52,2.3126602172851562e-05,67.5,0
192.168.0.194,17.248.200.65,51263,443,52,2.09808349609375e-05,64.4,0
192.168.0.194,17.248.200.65,51264,443,52,2.09808349609375e-05,64.4,0
17.248.200.65,192.168.0.194,443,51262,64,0.00021195411682128906,64.4,0
17.248.200.65,192.168.0.194,443,51261,64,3.695487976074219e-05,66.8,0
17.248.200.65,192.168.0.194,443,51263,64,0.00016999244689941406,64.9,0
192.168.0.194,17.248.200.65,51262,443,83,2.5987625122070312e-05,64.9,0
192.168.0.194,17.248.200.65,51261,443,83,3.0040740966796875e-05,64.9,0
192.168.0.194,17.248.200.65,51263,443,83,0.00029206275939941406,64.9,0
17.248.200.65,192.168.0.194,443,51264,64,3.2901763916015625e-05,66.1,0
17.248.200.65,192.168.0.194,443,51263,52,0.00013113021850585938,66.1,0
17.248.200.65,192.168.0.194,443,51262,52,2.5033950805664062e-05,66.1,0
17.248.200.65,192.168.0.194,443,51261,52,2.193450927734375e-05,66.1,0
17.248.200.65,192.168.0.194,443,51261,52,0.00030684471130371094,64.9,0
17.248.200.65,192.168.0.194,443,51264,52,3.0994415283203125e-05,63.7,0
17.248.200.65,192.168.0.194,443,51264,52,0.00013899803161621094,62.5,0
17.248.200.65,192.168.0.194,443,51263,52,3.218650817871094e-05,59.4,0
17.248.200.65,192.168.0.194,443,51262,52,2.193450927734375e-05,56.3,0
192.168.0.194,17.248.200.65,51264,443,83,2.288818359375e-05,56.3,0
192.168.0.194,17.248.200.65,51261,443,52,0.0002741813659667969,55.1,0
192.168.0.194,17.248.200.65,51264,443,52,2.5033950805664062e-05,55.1,0
192.168.0.194,17.248.200.65,51263,443,52,0.0001468658447265625,55.1,0
192.168.0.194,17.248.200.65,51262,443,52,2.3126602172851562e-05,55.1,0
17.248.200.65,192.168.0.194,443,51262,64,0.0003228187561035156,56.3,0
192.168.0.194,17.248.200.65,51262,443,40,3.314018249511719e-05,55.1,0
17.248.200.65,192.168.0.194,443,51261,64,0.00016498565673828125,56.3,0
192.168.0.194,17.248.200.65,51261,443,40,2.8848648071289062e-05,55.1,0
17.248.200.65,192.168.0.194,443,51263,64,5.507469177246094e-05,56.3,0
192.168.0.194,17.248.200.65,51263,443,40,3.409385681152344e-05,52.0,0
17.248.200.65,192.168.0.194,443,51264,64,0.0002880096435546875,53.2,0
192.168.0.194,17.248.200.65,51264,443,40,3.1948089599609375e-05,52.0,0
17.57.144.155,192.168.0.194,5223,51238,339,82.21673488616943,80.7,1
17.57.144.155,192.168.0.194,5223,51238,78,2.7179718017578125e-05,83.3,0
192.168.0.194,17.57.144.155,51238,5223,52,0.0009717941284179688,82.1,0
192.168.0.194,17.57.144.155,51238,5223,84,8.511543273925781e-05,86.5,0
192.168.0.194,17.57.144.155,51238,5223,84,8.606910705566406e-05,88.5,0
17.57.144.155,192.168.0.194,5223,51238,52,6.389617919921875e-05,89.7,0
17.57.144.155,192.168.0.194,5223,51238,64,0.0003731250762939453,89.7,0
192.168.0.194,17.57.144.155,51238,5223,92,5.011461019515991,94.9,1
17.57.144.155,192.168.0.194,5223,51238,52,1.6927719116210938e-05,93.7,0
17.57.144.155,192.168.0.194,5223,51238,76,3.1948089599609375e-05,97.3,0
192.168.0.194,17.57.144.155,51238,5223,52,1.5020370483398438e-05,68.6,0
17.57.144.155,192.168.0.194,5223,51238,184,4.506111145019531e-05,79.2,0
17.57.144.155,192.168.0.194,5223,51238,78,1.7881393432617188e-05,81.8,0
192.168.0.194,17.57.144.155,51238,5223,52,1.5974044799804688e-05,78.6,0
192.168.0.194,17.57.144.155,51238,5223,84,1.3113021850585938e-05,78.6,0
192.168.0.194,17.248.200.65,51265,443,64,1.2874603271484375e-05,79.8,0
17.57.144.155,192.168.0.194,5223,51238,52,1.3113021850585938e-05,78.6,0
17.248.200.65,192.168.0.194,443,51265,60,1.6927719116210938e-05,75.4,0
192.168.0.194,17.248.200.65,51265,443,52,1.3113021850585938e-05,75.4,0
192.168.0.194,17.248.200.65,51265,443,569,2.384185791015625e-05,124.7,0
17.248.200.65,192.168.0.194,443,51265,52,1.3113021850585938e-05,124.7,0
17.248.200.65,192.168.0.194,443,51265,208,1.4066696166992188e-05,127.1,0
192.168.0.194,17.248.200.65,51265,443,52,1.5974044799804688e-05,124.5,0
192.168.0.194,17.248.200.65,51265,443,103,1.3828277587890625e-05,129.6,0
192.168.0.194,17.248.200.65,51265,443,1158,3.0994415283203125e-05,237.0,0
192.168.0.194,17.248.200.65,51265,443,1143,2.7179718017578125e-05,344.9,0
17.248.200.65,192.168.0.194,443,51265,52,1.2874603271484375e-05,344.9,0
17.248.200.65,192.168.0.194,443,51265,52,1.0967254638671875e-05,344.1,0
17.248.200.65,192.168.0.194,443,51265,1500,4.315376281738281e-05,488.9,0
17.248.200.65,192.168.0.194,443,51265,234,1.3828277587890625e-05,455.4,0
192.168.0.194,17.248.200.65,51265,443,52,1.2159347534179688e-05,455.4,0
192.168.0.194,17.248.200.65,51265,443,1169,1.0026218891143799,551.5,0
192.168.0.194,17.248.200.65,51265,443,1310,3.0994415283203125e-05,677.3,0
192.168.0.194,17.248.200.65,51266,443,64,0.0003600120544433594,673.4,0
192.168.0.194,17.248.200.65,51267,443,64,1.4066696166992188e-05,564.0,0
192.168.0.194,17.248.200.65,51268,443,64,1.2874603271484375e-05,456.1,0
192.168.0.194,17.248.200.65,51269,443,64,0.0002040863037109375,457.3,0
17.248.200.65,192.168.0.194,443,51265,52,1.4066696166992188e-05,457.3,0
17.248.200.65,192.168.0.194,443,51265,52,1.5974044799804688e-05,312.5,0
17.248.200.65,192.168.0.194,443,51267,60,1.4066696166992188e-05,295.1,0
17.248.200.65,192.168.0.194,443,51266,60,0.0004909038543701172,295.9,0
192.168.0.194,17.248.200.65,51267,443,52,1.4066696166992188e-05,184.2,0
192.168.0.194,17.248.200.65,51267,443,569,2.384185791015625e-05,110.1,0
192.168.0.194,17.248.200.65,51266,443,52,0.0001811981201171875,108.9,0
192.168.0.194,17.248.200.65,51266,443,569,2.6941299438476562e-05,159.4,0
17.248.200.65,192.168.0.194,443,51268,60,4.38690185546875e-05,159.0,0
17.248.200.65,192.168.0.194,443,51269,60,2.002716064453125e-05,158.6,0
192.168.0.194,17.248.200.65,51268,443,52,1.4066696166992188e-05,158.6,0
192.168.0.194,17.248.200.65,51268,443,569,2.5033950805664062e-05,210.3,0
192.168.0.194,17.248.200.65,51269,443,52,1.5974044799804688e-05,209.5,0
192.168.0.194,17.248.200.65,51269,443,569,0.00027298927307128906,260.4,0
17.248.200.65,192.168.0.194,443,51265,953,3.1948089599609375e-05,350.5,0
17.248.200.65,192.168.0.194,443,51267,52,0.00018095970153808594,298.8,0
192.168.0.194,17.248.200.65,51265,443,52,2.002716064453125e-05,298.8,0
17.248.200.65,192.168.0.194,443,51267,1500,3.504753112792969e-05,391.9,0
17.248.200.65,192.168.0.194,443,51267,1500,4.410743713378906e-05,535.9,0
17.248.200.65,192.168.0.194,443,51267,1252,0.00032782554626464844,655.1,0
17.248.200.65,192.168.0.194,443,51267,1500,0.0002830028533935547,799.9,0
17.248.200.65,192.168.0.194,443,51267,856,4.220008850097656e-05,828.6,0
17.248.200.65,192.168.0.194,443,51266,52,1.5974044799804688e-05,828.6,0
17.248.200.65,192.168.0.194,443,51266,52,1.3828277587890625e-05,776.9,0
17.248.200.65,192.168.0.194,443,51266,1500,3.409385681152344e-05,831.6,0
17.248.200.65,192.168.0.194,443,51266,1500,0.0002770423889160156,976.4,0
17.248.200.65,192.168.0.194,443,51266,1252,3.0994415283203125e-05,1096.4,0
17.248.200.65,192.168.0.194,443,51266,1500,0.0002110004425048828,1096.4,0
17.248.200.65,192.168.0.194,443,51266,855,6.389617919921875e-05,1031.9,0
192.168.0.194,17.248.200.65,51267,443,52,1.71661376953125e-05,911.9,0
192.168.0.194,17.248.200.65,51267,443,52,1.2874603271484375e-05,767.1,0
192.168.0.194,17.248.200.65,51267,443,52,0.0002589225769042969,686.7,0
192.168.0.194,17.248.200.65,51266,443,52,2.002716064453125e-05,686.7,0
192.168.0.194,17.248.200.65,51266,443,52,0.00032711029052734375,686.7,0
17.248.200.65,192.168.0.194,443,51268,52,1.4066696166992188e-05,541.9,0
17.248.200.65,192.168.0.194,443,51268,1500,4.482269287109375e-05,541.9,0
17.248.200.65,192.168.0.194,443,51268,1500,3.600120544433594e-05,566.7,0
17.248.200.65,192.168.0.194,443,51268,1252,3.314018249511719e-05,541.9,0
192.168.0.194,17.248.200.65,51268,443,52,0.00026297569274902344,461.6,0
17.248.200.65,192.168.0.194,443,51268,1500,4.100799560546875e-05,606.4,0
17.248.200.65,192.168.0.194,443,51268,855,0.00020503997802734375,686.7,0
192.168.0.194,17.248.200.65,51268,443,52,2.193450927734375e-05,686.7,0
192.168.0.194,17.248.200.65,51268,443,52,1.4066696166992188e-05,686.7,0
17.248.200.65,192.168.0.194,443,51269,52,1.2874603271484375e-05,686.7,0
17.248.200.65,192.168.0.194,443,51269,1500,3.314018249511719e-05,831.5,0
17.248.200.65,192.168.0.194,443,51269,1500,0.0003337860107421875,831.5,0
17.248.200.65,192.168.0.194,443,51269,1252,3.0994415283203125e-05,806.7,0
17.248.200.65,192.168.0.194,443,51269,1500,0.00019812583923339844,831.5,0
17.248.200.65,192.168.0.194,443,51269,855,3.504753112792969e-05,911.8,0
192.168.0.194,17.248.200.65,51269,443,52,2.288818359375e-05,767.0,0
192.168.0.194,17.248.200.65,51269,443,52,1.3113021850585938e-05,686.7,0
192.168.0.194,17.248.200.65,51267,443,145,0.0003509521484375,696.0,0
17.248.200.65,192.168.0.194,443,51267,103,4.1961669921875e-05,701.1,0
192.168.0.194,17.248.200.65,51267,443,52,0.00020503997802734375,701.1,0
192.168.0.194,17.248.200.65,51267,443,1171,3.409385681152344e-05,668.2,0
192.168.0.194,17.248.200.65,51266,443,145,1.5974044799804688e-05,532.7,0
192.168.0.194,17.248.200.65,51267,443,1420,3.1948089599609375e-05,549.5,0
192.168.0.194,17.248.200.65,51268,443,145,0.0003039836883544922,414.0,0
17.248.200.65,192.168.0.194,443,51266,103,2.288818359375e-05,338.8,0
17.248.200.65,192.168.0.194,443,51267,52,0.00024700164794921875,338.8,0
17.248.200.65,192.168.0.194,443,51268,103,1.811981201171875e-05,343.9,0
192.168.0.194,17.248.200.65,51266,443,52,1.2874603271484375e-05,334.6,0
192.168.0.194,17.248.200.65,51266,443,1171,2.5987625122070312e-05,441.4,0
192.168.0.194,17.248.200.65,51268,443,52,1.3113021850585938e-05,441.4,0
192.168.0.194,17.248.200.65,51268,443,1171,2.9087066650390625e-05,441.4,0
192.168.0.194,17.248.200.65,51269,443,145,6.794929504394531e-05,441.4,0
192.168.0.194,17.248.200.65,51266,443,1419,0.0002460479736328125,441.3,0
192.168.0.194,17.248.200.65,51268,443,1420,2.9802322387695312e-05,568.8,0
17.248.200.65,192.168.0.194,443,51269,103,1.3113021850585938e-05,568.8,0
17.248.200.65,192.168.0.194,443,51268,52,1.1920928955078125e-05,568.8,0
17.248.200.65,192.168.0.194,443,51266,52,0.0001590251922607422,563.7,0
192.168.0.194,17.248.200.65,51269,443,52,1.811981201171875e-05,563.7,0
192.168.0.194,17.248.200.65,51269,443,1171,2.6941299438476562e-05,563.7,0
192.168.0.194,17.248.200.65,51269,443,1419,0.00013303756713867188,700.4,0
17.248.200.65,192.168.0.194,443,51269,52,1.4066696166992188e-05,588.5,0
17.248.200.65,192.168.0.194,443,51267,974,2.9802322387695312e-05,671.4,0
192.168.0.194,17.248.200.65,51267,443,52,1.2159347534179688e-05,534.7,0
17.248.200.65,192.168.0.194,443,51269,973,0.0002129077911376953,490.0,0
192.168.0.194,17.248.200.65,51269,443,52,1.4066696166992188e-05,484.9,0
17.248.200.65,192.168.0.194,443,51268,974,0.0001709461212158203,577.1,0
192.168.0.194,17.248.200.65,51268,443,52,1.4066696166992188e-05,577.1,0
17.248.200.65,192.168.0.194,443,51266,974,0.0003008842468261719,669.3,0
192.168.0.194,17.248.200.65,51266,443,52,1.5974044799804688e-05,557.4,0
192.168.0.194,17.57.144.155,51238,5223,92,4.010310173034668,424.7,1
17.57.144.155,192.168.0.194,5223,51238,52,5.1021575927734375e-05,424.7,0
17.57.144.155,192.168.0.194,5223,51238,76,3.2901763916015625e-05,334.9,0
192.168.0.194,17.57.144.155,51238,5223,52,2.002716064453125e-05,334.9,0
192.168.0.194,17.248.200.65,51265,443,83,26.142250061035156,245.9,0
192.168.0.194,17.248.200.65,51267,443,83,2.288818359375e-05,249.0,0
192.168.0.194,17.248.200.65,51269,443,83,2.193450927734375e-05,159.9,0
192.168.0.194,17.248.200.65,51265,443,52,2.2172927856445312e-05,159.9,0
192.168.0.194,17.248.200.65,51267,443,52,0.0002689361572265625,67.7,0
192.168.0.194,17.248.200.65,51269,443,52,3.1948089599609375e-05,67.7,0
17.248.200.65,192.168.0.194,443,51265,64,0.00014591217041015625,64.9,0
17.248.200.65,192.168.0.194,443,51269,64,3.0040740966796875e-05,66.1,0
17.248.200.65,192.168.0.194,443,51267,64,2.3126602172851562e-05,64.9,0
192.168.0.194,17.248.200.65,51265,443,83,2.288818359375e-05,68.0,0
192.168.0.194,17.248.200.65,51269,443,83,0.0003330707550048828,68.0,0
192.168.0.194,17.248.200.65,51267,443,83,2.7894973754882812e-05,68.0,0
17.248.200.65,192.168.0.194,443,51267,52,0.00012612342834472656,64.9,0
17.248.200.65,192.168.0.194,443,51265,52,2.7894973754882812e-05,64.9,0
17.248.200.65,192.168.0.194,443,51269,52,2.4080276489257812e-05,64.9,0
17.248.200.65,192.168.0.194,443,51269,52,0.00028204917907714844,64.9,0
17.248.200.65,192.168.0.194,443,51267,52,2.5987625122070312e-05,63.7,0
17.248.200.65,192.168.0.194,443,51265,52,0.0001499652862548828,62.5,0
192.168.0.194,17.248.200.65,51269,443,52,2.9087066650390625e-05,61.3,0
192.168.0.194,17.248.200.65,51267,443,52,2.193450927734375e-05,58.2,0
192.168.0.194,17.248.200.65,51265,443,52,2.193450927734375e-05,55.1,0
17.248.200.65,192.168.0.194,443,51265,64,0.0002961158752441406,53.2,0
192.168.0.194,17.248.200.65,51265,443,40,3.1948089599609375e-05,52.0,0
17.248.200.65,192.168.0.194,443,51269,64,0.00012993812561035156,53.2,0
192.168.0.194,17.248.200.65,51269,443,40,2.9087066650390625e-05,52.0,0
17.248.200.65,192.168.0.194,443,51267,64,2.288818359375e-05,53.2,0
192.168.0.194,17.248.200.65,51267,443,40,0.0004279613494873047,52.0,0
192.168.0.194,17.248.200.65,51266,443,83,1.0021791458129883,55.1,0
192.168.0.194,17.248.200.65,51268,443,83,1.3828277587890625e-05,58.2,0
192.168.0.194,17.248.200.65,51266,443,52,1.5020370483398438e-05,58.2,0
192.168.0.194,17.248.200.65,51268,443,52,1.2159347534179688e-05,58.2,0
17.248.200.65,192.168.0.194,443,51266,52,1.2874603271484375e-05,57.0,0
17.248.200.65,192.168.0.194,443,51266,52,1.0967254638671875e-05,58.2,0
17.248.200.65,192.168.0.194,443,51268,64,0.00010418891906738281,58.2,0
17.248.200.65,192.168.0.194,443,51268,52,3.0994415283203125e-05,59.4,0
17.248.200.65,192.168.0.194,443,51268,52,0.00019884109497070312,58.2,0
192.168.0.194,17.248.200.65,51266,443,52,1.71661376953125e-05,59.4,0
192.168.0.194,17.248.200.65,51268,443,83,0.00040793418884277344,59.4,0
192.168.0.194,17.248.200.65,51268,443,52,2.002716064453125e-05,56.3,0
17.57.144.155,192.168.0.194,5223,51238,339,83.16877603530884,85.0,1
17.57.144.155,192.168.0.194,5223,51238,78,4.601478576660156e-05,87.6,0
192.168.0.194,17.57.144.155,51238,5223,52,3.0994415283203125e-05,87.6,0
192.168.0.194,17.57.144.155,51238,5223,84,7.295608520507812e-05,90.8,0
17.57.144.155,192.168.0.194,5223,51238,78,0.0003409385681152344,92.2,0
192.168.0.194,17.57.144.155,51238,5223,64,0.00017595291137695312,93.4,0
17.57.144.155,192.168.0.194,5223,51238,52,0.0006201267242431641,93.4,0
192.168.0.194,17.57.144.155,51238,5223,1288,8.392333984375e-05,217.0,0
17.57.144.155,192.168.0.194,5223,51238,52,0.0006000995635986328,213.9,0
17.57.144.155,192.168.0.194,5223,51238,88,1.2874603271484375e-05,217.5,0
192.168.0.194,17.57.144.155,51238,5223,52,0.00047206878662109375,188.8,0
17.57.144.155,192.168.0.194,5223,51238,131,1.000756025314331,194.1,1
192.168.0.194,17.57.144.155,51238,5223,52,9.202957153320312e-05,194.1,0
192.168.0.194,17.57.144.155,51238,5223,84,0.00010395050048828125,194.1,0
17.57.144.155,192.168.0.194,5223,51238,159,0.0008759498596191406,202.2,0
192.168.0.194,17.57.144.155,51238,5223,52,2.4080276489257812e-05,201.0,0
192.168.0.194,17.57.144.155,51238,5223,84,2.384185791015625e-05,204.2,0
17.57.144.155,192.168.0.194,5223,51238,131,2.5033950805664062e-05,88.5,0
192.168.0.194,17.57.144.155,51238,5223,52,2.3126602172851562e-05,88.5,0
192.168.0.194,17.57.144.155,51238,5223,84,2.193450927734375e-05,88.1,0
17.57.144.155,192.168.0.194,5223,51238,52,2.4080276489257812e-05,88.1,0
17.57.144.155,192.168.0.194,5223,51238,159,0.00010085105895996094,90.9,0
192.168.0.194,17.57.144.155,51238,5223,52,2.9087066650390625e-05,90.9,0
192.168.0.194,17.57.144.155,51238,5223,84,3.1948089599609375e-05,90.9,0
17.57.144.155,192.168.0.194,5223,51238,52,9.012222290039062e-05,80.2,0
192.168.0.194,17.57.144.155,51238,5223,92,5.019790887832642,84.2,1
17.57.144.155,192.168.0.194,5223,51238,52,1.5974044799804688e-05,81.0,0
17.57.144.155,192.168.0.194,5223,51238,76,1.5974044799804688e-05,75.5,0
192.168.0.194,17.57.144.155,51238,5223,52,2.002716064453125e-05,75.5,0
17.57.144.155,192.168.0.194,5223,51238,184,9.512901306152344e-05,85.5,0
17.57.144.155,192.168.0.194,5223,51238,78,1.5020370483398438e-05,88.1,0
192.168.0.194,17.57.144.155,51238,5223,52,1.3828277587890625e-05,77.4,0
192.168.0.194,17.57.144.155,51238,5223,84,1.3113021850585938e-05,80.6,0
192.168.0.194,17.248.200.65,51270,443,64,5.1975250244140625e-05,78.6,0
17.57.144.155,192.168.0.194,5223,51238,52,1.2874603271484375e-05,78.6,0
17.248.200.65,192.168.0.194,443,51270,60,1.1205673217773438e-05,75.4,0
192.168.0.194,17.248.200.65,51270,443,52,1.1920928955078125e-05,75.4,0
192.168.0.194,17.248.200.65,51270,443,569,2.09808349609375e-05,124.7,0
17.248.200.65,192.168.0.194,443,51270,52,1.2874603271484375e-05,124.7,0
17.248.200.65,192.168.0.194,443,51270,1500,5.602836608886719e-05,256.3,0
17.248.200.65,192.168.0.194,443,51270,1500,3.719329833984375e-05,398.5,0
17.248.200.65,192.168.0.194,443,51270,1252,2.6941299438476562e-05,518.5,0
17.248.200.65,192.168.0.194,443,51270,1500,4.792213439941406e-05,660.1,0
17.248.200.65,192.168.0.194,443,51270,856,7.104873657226562e-05,739.3,0
192.168.0.194,17.248.200.65,51270,443,52,2.5033950805664062e-05,739.3,0
192.168.0.194,17.248.200.65,51270,443,52,1.5020370483398438e-05,738.5,0
192.168.0.194,17.248.200.65,51270,443,52,1.3828277587890625e-05,738.5,0
192.168.0.194,17.248.200.65,51270,443,145,1.5974044799804688e-05,696.1,0
17.248.200.65,192.168.0.194,443,51270,103,1.4066696166992188e-05,701.2,0
192.168.0.194,17.248.200.65,51270,443,52,4.00543212890625e-05,556.4,0
192.168.0.194,17.248.200.65,51270,443,1158,2.9087066650390625e-05,522.2,0
192.168.0.194,17.248.200.65,51270,443,1143,2.6941299438476562e-05,511.3,0
17.248.200.65,192.168.0.194,443,51270,52,1.4066696166992188e-05,366.5,0
17.248.200.65,192.168.0.194,443,51270,1500,0.9986269474029541,430.9,0
17.248.200.65,192.168.0.194,443,51270,234,9.489059448242188e-05,449.1,0
192.168.0.194,17.248.200.65,51270,443,52,5.316734313964844e-05,449.1,0
192.168.0.194,17.248.200.65,51270,443,1169,9.393692016601562e-05,560.8,0
192.168.0.194,17.248.200.65,51270,443,1310,6.604194641113281e-05,677.3,0
192.168.0.194,17.248.200.65,51271,443,64,3.0994415283203125e-05,673.4,0
192.168.0.194,17.248.200.65,51272,443,64,2.384185791015625e-05,674.6,0
192.168.0.194,17.248.200.65,51273,443,64,2.3126602172851562e-05,565.2,0
17.248.200.65,192.168.0.194,443,51270,52,2.384185791015625e-05,456.1,0
17.248.200.65,192.168.0.194,443,51271,60,0.00024509429931640625,456.9,0
17.248.200.65,192.168.0.194,443,51272,60,3.2901763916015625e-05,312.9,0
192.168.0.194,17.248.200.65,51274,443,64,0.00021719932556152344,295.9,0
17.248.200.65,192.168.0.194,443,51273,60,2.5033950805664062e-05,296.7,0
192.168.0.194,17.248.200.65,51271,443,52,2.288818359375e-05,185.0,0
192.168.0.194,17.248.200.65,51271,443,569,4.100799560546875e-05,110.9,0
192.168.0.194,17.248.200.65,51272,443,52,2.4080276489257812e-05,109.7,0
192.168.0.194,17.248.200.65,51272,443,569,3.4809112548828125e-05,160.2,0
192.168.0.194,17.248.200.65,51273,443,52,0.00025010108947753906,159.0,0
192.168.0.194,17.248.200.65,51273,443,569,4.506111145019531e-05,210.7,0
17.248.200.65,192.168.0.194,443,51270,953,0.0002129077911376953,300.0,0
17.248.200.65,192.168.0.194,443,51274,60,2.5033950805664062e-05,300.0,0
192.168.0.194,17.248.200.65,51270,443,52,2.193450927734375e-05,298.8,0
192.168.0.194,17.248.200.65,51274,443,52,2.3126602172851562e-05,298.0,0
192.168.0.194,17.248.200.65,51274,443,569,0.0002968311309814453,349.7,0
17.248.200.65,192.168.0.194,443,51271,52,2.9087066650390625e-05,298.0,0
17.248.200.65,192.168.0.194,443,51272,52,0.0002110004425048828,298.0,0
17.248.200.65,192.168.0.194,443,51272,1500,5.91278076171875e-05,391.1,0
17.248.200.65,192.168.0.194,443,51272,1500,5.3882598876953125e-05,535.9,0
17.248.200.65,192.168.0.194,443,51273,52,2.288818359375e-05,484.2,0
17.248.200.65,192.168.0.194,443,51272,1252,0.00040912628173828125,514.1,0
17.248.200.65,192.168.0.194,443,51271,1500,6.890296936035156e-05,658.1,0
17.248.200.65,192.168.0.194,443,51271,1500,0.00014901161193847656,802.9,0
17.248.200.65,192.168.0.194,443,51271,1252,5.316734313964844e-05,922.9,0
17.248.200.65,192.168.0.194,443,51273,1500,5.793571472167969e-05,1016.0,0
17.248.200.65,192.168.0.194,443,51273,1500,5.698204040527344e-05,1160.8,0
17.248.200.65,192.168.0.194,443,51273,1252,0.0001518726348876953,1280.8,0
17.248.200.65,192.168.0.194,443,51272,1500,5.7220458984375e-05,1280.8,0
17.248.200.65,192.168.0.194,443,51272,855,0.00022292137145996094,1216.3,0
17.248.200.65,192.168.0.194,443,51271,1500,5.698204040527344e-05,1361.1,0
17.248.200.65,192.168.0.194,443,51271,855,4.291534423828125e-05,1321.4,0
17.248.200.65,192.168.0.194,443,51273,1500,7.104873657226562e-05,1321.4,0
17.248.200.65,192.168.0.194,443,51273,856,0.0001621246337890625,1257.0,0
192.168.0.194,17.248.200.65,51272,443,52,3.1948089599609375e-05,1137.0,0
192.168.0.194,17.248.200.65,51272,443,52,0.00012493133544921875,992.2,0
192.168.0.194,17.248.200.65,51272,443,52,3.0994415283203125e-05,847.4,0
192.168.0.194,17.248.200.65,51271,443,52,2.3126602172851562e-05,727.4,0
192.168.0.194,17.248.200.65,51271,443,52,2.288818359375e-05,582.6,0
192.168.0.194,17.248.200.65,51273,443,52,2.193450927734375e-05,502.3,0
192.168.0.194,17.248.200.65,51273,443,52,0.00032401084899902344,357.5,0
17.248.200.65,192.168.0.194,443,51274,52,2.2172927856445312e-05,277.2,0
17.248.200.65,192.168.0.194,443,51274,1500,0.00035881996154785156,277.2,0
17.248.200.65,192.168.0.194,443,51274,1500,6.604194641113281e-05,341.6,0
17.248.200.65,192.168.0.194,443,51274,1252,5.0067901611328125e-05,461.6,0
17.248.200.65,192.168.0.194,443,51274,1500,6.103515625e-05,606.4,0
17.248.200.65,192.168.0.194,443,51274,855,4.1961669921875e-05,686.7,0
192.168.0.194,17.248.200.65,51274,443,52,2.4080276489257812e-05,686.7,0
192.168.0.194,17.248.200.65,51274,443,52,2.193450927734375e-05,686.7,0
17.248.200.65,192.168.0.194,443,51273,856,0.0002720355987548828,767.1,0
192.168.0.194,17.248.200.65,51272,443,145,4.887580871582031e-05,776.4,0
192.168.0.194,17.248.200.65,51273,443,64,2.6941299438476562e-05,777.6,0
192.168.0.194,17.248.200.65,51271,443,145,2.5987625122070312e-05,642.1,0
192.168.0.194,17.248.200.65,51273,443,145,2.6226043701171875e-05,506.6,0
192.168.0.194,17.248.200.65,51274,443,145,2.47955322265625e-05,395.9,0
17.248.200.65,192.168.0.194,443,51271,103,0.0002951622009277344,256.2,0
17.248.200.65,192.168.0.194,443,51272,103,7.390975952148438e-05,181.0,0
192.168.0.194,17.248.200.65,51271,443,52,2.4080276489257812e-05,181.0,0
192.168.0.194,17.248.200.65,51272,443,52,9.298324584960938e-05,181.0,0
17.248.200.65,192.168.0.194,443,51273,103,0.00032806396484375,105.7,0
192.168.0.194,17.248.200.65,51271,443,1171,5.984306335449219e-05,208.3,0
192.168.0.194,17.248.200.65,51272,443,1171,0.00017309188842773438,319.0,0
192.168.0.194,17.248.200.65,51273,443,52,2.5987625122070312e-05,309.7,0
192.168.0.194,17.248.200.65,51273,443,1171,4.601478576660156e-05,412.3,0
192.168.0.194,17.248.200.65,51271,443,1420,0.0002300739288330078,539.8,0
192.168.0.194,17.248.200.65,51272,443,1419,0.0002028942108154297,671.4,0
192.168.0.194,17.248.200.65,51273,443,1420,5.602836608886719e-05,803.1,0
17.248.200.65,192.168.0.194,443,51274,103,2.8848648071289062e-05,808.2,0
192.168.0.194,17.248.200.65,51274,443,52,7.200241088867188e-05,808.2,0
192.168.0.194,17.248.200.65,51274,443,1171,0.0002582073211669922,915.0,0
192.168.0.194,17.248.200.65,51274,443,1419,0.00013899803161621094,939.8,0
17.248.200.65,192.168.0.194,443,51271,52,3.3855438232421875e-05,827.9,0
17.248.200.65,192.168.0.194,443,51273,52,2.3126602172851562e-05,827.9,0
17.248.200.65,192.168.0.194,443,51272,52,2.193450927734375e-05,716.0,0
17.248.200.65,192.168.0.194,443,51274,52,8.487701416015625e-05,579.2,0
17.248.200.65,192.168.0.194,443,51273,973,0.00015807151794433594,534.6,0
192.168.0.194,17.248.200.65,51273,443,52,2.9087066650390625e-05,397.8,0
17.248.200.65,192.168.0.194,443,51272,974,6.985664367675781e-05,484.9,0
192.168.0.194,17.248.200.65,51272,443,52,7.319450378417969e-05,484.9,0
17.248.200.65,192.168.0.194,443,51271,974,0.0003819465637207031,465.2,0
192.168.0.194,17.248.200.65,51271,443,52,7.295608520507812e-05,328.5,0
17.248.200.65,192.168.0.194,443,51274,974,1.0021851062774658,420.7,0
192.168.0.194,17.248.200.65,51274,443,52,4.982948303222656e-05,420.7,0
192.168.0.194,17.57.144.155,51238,5223,92,3.005653142929077,424.7,1
17.57.144.155,192.168.0.194,5223,51238,52,3.790855407714844e-05,424.7,0
17.57.144.155,192.168.0.194,5223,51238,76,2.4080276489257812e-05,335.0,0
192.168.0.194,17.57.144.155,51238,5223,52,2.384185791015625e-05,335.0,0
